Id,SeriousDlqin2yrs,RevolvingUtilizationOfUnsecuredLines,age,NumberOfTime30_59DaysPastDueNotWorse,DebtRatio,MonthlyIncome,NumberOfOpenCreditLinesAndLoans,NumberOfTimes90DaysLate,NumberRealEstateLoansOrLines,NumberOfTime60_89DaysPastDueNotWorse,NumberOfDependents,AgeGroup,HighDebtFlag,IncomeGroup,DebtToIncomeRatio
1,1,0.7661266090,45,2,0.8029821290,9120,13,0,6,0,2,Middle,0,High,0.000109649
2,0,0.9571510190,40,0,0.1218762010,2600,4,0,0,0,1,Middle,0,Low,0
3,0,0.6581801400,38,1,0.0851133750,3042,2,1,0,0,0,Middle,0,Medium,0
4,0,0.2338097760,30,0,0.0360496820,3300,5,0,0,0,0,Middle,0,Medium,0
5,0,0.9072394000,49,1,0.0249256950,63588,7,0,1,0,0,Middle,0,High,0
6,0,0.2131786820,74,0,0.3756069690,3500,3,0,1,0,1,Senior,0,Medium,0
7,0,0.3056824650,57,0,100.0000000000,5400,8,0,3,0,0,Senior,2,Medium,0.0185185
8,0,0.7544636480,39,0,0.2099400170,3500,8,0,0,0,0,Middle,0,Medium,0
9,0,0.1169506440,27,0,46.0000000000,5400,2,0,0,0,NULL,Young,2,Medium,0.00851852
10,0,0.1891690520,57,0,0.6062909010,23684,9,0,4,0,2,Senior,0,High,0.000042222
11,0,0.6442259620,30,0,0.3094762100,2500,5,0,0,0,0,Middle,0,Low,0
12,0,0.0187981200,51,0,0.5315287600,6501,7,0,2,0,2,Senior,0,Medium,0.000153822
13,0,0.0103518570,46,0,0.2983540750,12454,13,0,2,0,2,Middle,0,High,0
14,1,0.9646725550,40,3,0.3829647470,13700,9,3,1,1,2,Middle,0,High,0
15,0,0.0196565810,76,0,100.0000000000,0,6,0,1,0,0,Senior,2,Low,9999
16,0,0.5484580620,64,0,0.2098917540,11362,7,0,1,0,2,Senior,0,High,0
17,0,0.0610861180,78,0,100.0000000000,5400,10,0,2,0,0,Senior,2,Medium,0.0185185
18,0,0.1662840790,53,0,0.1882740600,8800,7,0,0,0,0,Senior,0,High,0
19,0,0.2218127710,43,0,0.5278878390,3280,7,0,1,0,2,Middle,0,Medium,0.000304878
20,0,0.6027944110,25,0,0.0658682630,333,2,0,0,0,0,Young,0,Low,0
21,0,0.2009233820,43,0,0.4300463380,12300,10,0,2,0,0,Middle,0,High,0
22,1,0.0256556770,38,0,0.4758413860,3000,7,0,1,0,2,Middle,0,Medium,0
23,0,0.9999999000,39,0,0.2411035590,2500,4,0,0,0,0,Middle,0,Low,0
24,0,0.0754265840,32,0,0.0855121890,7916,6,0,0,0,0,Middle,0,High,0
25,0,0.0465602700,58,0,0.2416218450,2416,9,0,1,0,0,Senior,0,Low,0
26,1,0.3922484820,50,0,1.5952533680,4676,14,0,3,0,1,Middle,1,Medium,0.000427715
27,0,0.0524360940,58,0,0.0976721860,8333,22,0,1,0,0,Senior,0,High,0
28,0,0.0344214730,69,0,0.0423830470,2500,17,0,0,0,1,Senior,0,Low,0
29,0,0.4525158280,24,0,0.0117612470,3400,1,0,0,0,0,Young,0,Medium,0
30,0,0.3929945860,58,2,0.4361025270,5500,15,0,1,0,0,Senior,0,Medium,0
31,0,0.7040739820,28,1,0.1552011430,4200,8,0,0,0,0,Young,0,Medium,0
32,0,0.9999999000,24,0,0.4727030630,750,1,0,0,0,0,Young,0,Low,0
33,0,0.0834180090,62,0,100.0000000000,5400,6,0,1,0,0,Senior,2,Medium,0.0185185
34,0,0.1868685560,57,0,0.3138123130,7000,9,0,2,0,0,Senior,0,Medium,0
35,0,0.6933296810,42,2,0.2577319590,2230,7,0,0,0,0,Middle,0,Low,0
36,0,0.0000000000,64,0,0.0735387690,11000,9,0,1,0,0,Senior,0,High,0
37,0,0.8818363620,50,3,0.5678580350,4000,9,0,1,0,1,Middle,0,Medium,0.00025
38,0,0.9999999000,75,1,0.1340782120,3400,1,0,1,0,1,Senior,0,Medium,0
39,0,0.3636363640,26,0,0.0099900100,1000,1,0,0,0,0,Young,0,Low,0
40,0,0.3044906680,52,0,0.8083404740,3500,10,0,2,0,0,Senior,0,Medium,0.000285714
41,0,0.7199853100,41,1,0.5395544640,5700,14,0,1,0,0,Middle,0,Medium,0.000175438
42,0,0.0728975700,81,0,75.0000000000,5400,7,0,0,0,0,Senior,2,Medium,0.0138889
43,0,0.4690568420,31,0,0.0482110040,9250,4,0,0,0,1,Middle,0,High,0
44,0,0.7187053780,28,0,0.1701256140,3661,4,0,0,0,1,Young,0,Medium,0
45,0,0.3688759330,68,0,100.0000000000,1,31,0,1,0,0,Senior,2,Low,100
46,0,0.0006027230,70,0,0.1777870360,16800,12,0,1,0,2,Senior,0,High,0
47,0,0.0614401320,62,0,0.0111678370,3133,2,0,0,0,0,Senior,0,Medium,0
48,0,0.1401106340,31,0,0.6893704850,1937,4,0,2,0,0,Middle,0,Low,0.000516262
49,0,0.8340480270,38,0,0.3936620260,13000,13,0,2,0,2,Middle,0,High,0
50,0,0.0000796000,70,0,0.2563396610,6900,21,1,1,0,0,Senior,0,Medium,0
51,0,0.8189775170,73,0,100.0000000000,0,9,0,1,1,0,Senior,2,Low,9999
52,1,0.7281504910,31,0,0.8247250920,3000,10,0,2,0,1,Middle,0,Medium,0.000333333
53,0,0.9999999000,62,0,0.0000000000,5400,1,0,0,0,0,Senior,0,Medium,0
54,0,0.0285623670,51,0,0.3063814990,5750,5,0,1,0,0,Senior,0,Medium,0
55,0,0.9920159680,29,0,0.0080645160,2231,1,0,0,0,0,Young,0,Low,0
56,0,0.0708537690,55,0,0.0731477450,13793,4,0,1,0,0,Senior,0,High,0
57,0,0.4549719150,46,1,0.0169217750,13000,10,0,0,0,1,Middle,0,High,0
58,0,0.4011997820,64,0,0.3512589370,3216,4,0,1,0,0,Senior,0,Medium,0
59,0,0.5411088040,43,0,100.0000000000,5400,3,0,1,0,2,Middle,2,Medium,0.0185185
60,0,0.6555699450,35,0,0.2616099070,5813,10,0,0,0,2,Middle,0,Medium,0
61,0,0.6516034520,58,0,0.2411356630,7783,11,0,1,0,0,Senior,0,High,0
62,0,0.0273995020,69,0,0.0080342800,5600,3,0,0,0,0,Senior,0,Medium,0
63,0,0.1011558210,72,0,100.0000000000,5400,12,0,2,0,0,Senior,2,Medium,0.0185185
64,0,0.0097888620,46,0,1.0513976560,3326,6,0,2,0,2,Middle,1,Medium,0.000300661
65,0,0.3375207020,60,0,0.5498778050,4500,10,0,2,0,0,Senior,0,Medium,0.000222222
66,0,0.0000000000,67,0,0.5409836070,3720,2,0,1,0,0,Senior,0,Medium,0.000268817
67,0,0.7508736720,55,2,0.3164163650,7723,17,0,1,0,1,Senior,0,High,0
68,0,0.0067990930,27,1,0.6810457520,764,3,0,0,0,0,Young,0,Low,0.0013089
69,0,0.0042640790,31,0,0.1114442780,2000,6,1,0,0,2,Middle,0,Low,0
70,0,0.2694837500,64,0,0.1610617600,9455,13,0,1,0,3,Senior,0,High,0
71,0,0.2658983910,36,0,0.2626118070,8384,6,0,2,0,1,Middle,0,High,0
72,0,0.1420130110,67,0,100.0000000000,5400,7,0,2,0,0,Senior,2,Medium,0.0185185
73,0,0.8277081970,56,0,0.3695908150,6793,15,1,1,0,0,Senior,0,Medium,0
74,0,0.0596688710,31,0,100.0000000000,0,11,0,2,0,1,Middle,2,Low,9999
75,1,0.1330627900,49,1,0.1828816530,10257,9,0,2,0,3,Middle,0,High,0
76,0,0.2342181120,36,0,0.1166143470,8600,19,0,0,0,3,Middle,0,High,0
77,0,0.1222959330,29,0,0.6946469490,4800,5,0,1,0,0,Young,0,Medium,0.000208333
78,0,0.4603763170,37,0,0.0741559490,4975,6,0,0,0,0,Middle,0,Medium,0
79,0,0.3355585770,69,0,0.2704486370,15000,14,0,2,0,1,Senior,0,High,0
80,0,0.2705225690,41,0,2.7976989450,1042,11,0,2,0,2,Middle,1,Low,0.00287908
81,0,0.1833166670,52,0,0.1111316230,10833,14,0,2,0,1,Senior,0,High,0
82,0,0.0748616760,66,0,0.2088424790,4500,3,0,1,0,0,Senior,0,Medium,0
83,0,0.0172589770,53,0,2.6045106730,12414,13,0,1,0,2,Senior,1,High,0.000241662
84,0,0.0544970690,56,0,0.4920218140,4950,18,0,2,0,0,Senior,0,Medium,0
85,0,0.0291642360,31,0,0.3950318090,3300,10,0,1,0,0,Middle,0,Medium,0
86,0,0.0000000000,58,0,0.3161448740,4886,9,0,1,0,1,Senior,0,Medium,0
87,0,0.3605096320,58,1,100.0000000000,5400,8,0,2,0,0,Senior,2,Medium,0.0185185
88,0,0.0037496880,64,0,0.0040612310,3200,5,0,0,1,0,Senior,0,Medium,0
89,1,0.7344775010,45,0,0.5914776340,4716,13,0,2,0,2,Middle,0,Medium,0.000212044
90,0,0.0805641680,60,0,0.4872889970,4916,15,0,2,0,0,Senior,0,Medium,0
91,0,0.0393877860,51,0,100.0000000000,0,7,0,0,0,0,Senior,2,Low,9999
92,0,0.0237674330,83,0,0.1237977340,10500,13,0,0,0,0,Senior,0,High,0
93,0,0.7848356580,52,0,100.0000000000,5400,10,0,2,1,0,Senior,2,Medium,0.0185185
94,0,0.8888222360,34,0,0.3684038020,3050,4,0,0,0,1,Middle,0,Medium,0
95,0,0.7911736280,44,0,0.5124153500,3100,5,0,1,0,0,Middle,0,Medium,0.00032258
96,0,0.2453530100,37,0,0.2884171670,6500,11,1,1,1,0,Middle,0,Medium,0
97,0,0.5422427040,48,2,10.0000000000,5400,2,0,0,0,NULL,Middle,2,Medium,0.00185185
98,0,0.0105313790,57,0,0.2806649170,5714,6,0,1,0,0,Senior,0,Medium,0
99,0,0.3631996860,32,0,0.4805239570,2900,4,0,1,0,0,Middle,0,Low,0
100,0,0.0326179770,75,0,0.0067990930,7500,4,0,0,0,0,Senior,0,High,0
101,0,0.0130246740,61,0,15.0000000000,5400,4,0,0,0,0,Senior,2,Medium,0.00277778
102,0,0.0193877790,34,0,0.3259185200,4000,9,0,1,0,0,Middle,0,Medium,0
103,0,0.6344850570,52,0,0.1382385730,2690,2,0,0,0,0,Senior,0,Low,0
104,0,0.8880086150,44,0,0.2992462820,4908,8,0,0,0,1,Middle,0,Medium,0
105,0,0.0031088490,57,0,0.2589392850,8333,7,0,1,0,0,Senior,0,High,0
106,0,0.1148309410,46,0,0.0262358020,6250,6,0,0,0,3,Middle,0,Medium,0
107,0,0.0188867920,80,0,0.0034787790,10060,5,0,0,0,0,Senior,0,High,0
108,0,0.6354151570,32,0,0.5194935020,3000,4,0,1,0,1,Middle,0,Medium,0.000333333
109,0,0.9999999000,62,0,0.6642212870,8314,8,0,3,0,0,Senior,0,High,0.000120279
110,0,0.0412579090,61,0,100.0000000000,5400,11,0,4,0,NULL,Senior,2,Medium,0.0185185
111,0,0.0967371580,47,0,0.0097487810,8000,2,0,0,0,2,Middle,0,High,0
112,0,0.3184461500,58,0,1.3826291080,3833,26,0,4,0,0,Senior,1,Medium,0.000260892
113,0,0.1869875340,52,0,0.0239931450,3500,4,0,0,0,0,Senior,0,Medium,0
114,0,0.0065418510,68,0,0.1080891910,10000,10,0,2,0,1,Senior,0,High,0
115,0,0.1809721810,39,1,0.3844415750,3097,7,0,1,0,3,Middle,0,Medium,0
116,0,0.0075076500,74,0,7.0000000000,5400,4,0,0,0,0,Senior,2,Medium,0.0012963
117,0,0.0679070600,46,0,0.1491030290,10200,6,0,2,0,0,Middle,0,High,0
118,0,0.0334617820,44,0,1.2433628320,4067,5,0,2,0,1,Middle,1,Medium,0.000245881
119,0,0.0075205920,68,0,100.0000000000,5400,4,0,0,0,0,Senior,2,Medium,0.0185185
120,0,0.0152718020,68,0,0.1229036600,8168,6,0,0,0,0,Senior,0,High,0
121,0,0.5171207200,31,0,0.1237524950,500,3,0,0,0,0,Middle,0,Low,0
122,0,0.3179757960,34,0,0.2979337920,4500,11,0,2,0,0,Middle,0,Medium,0
123,0,0.2975946420,67,0,0.2395079590,4145,13,0,0,0,0,Senior,0,Medium,0
124,0,0.4448376610,58,0,0.3665452470,14000,9,0,2,1,4,Senior,0,High,0
125,0,0.2779566790,39,0,100.0000000000,5400,9,0,2,0,0,Middle,2,Medium,0.0185185
126,0,0.0037220150,58,0,0.6333230100,3228,5,0,1,0,0,Senior,0,Medium,0.000309789
127,0,0.0000000000,61,0,0.2226598000,3300,14,0,1,0,0,Senior,0,Medium,0
128,0,0.0000000000,59,0,0.2188543410,19167,13,0,2,0,0,Senior,0,High,0
129,0,0.1519125490,36,0,0.2663944670,12000,22,0,2,0,0,Middle,0,High,0
130,0,0.0000000000,59,0,0.3516996220,4500,12,0,1,0,0,Senior,0,Medium,0
131,0,0.1757275930,43,1,100.0000000000,5400,4,0,1,0,0,Middle,2,Medium,0.0185185
132,0,0.0114985630,77,0,0.0019980020,1000,1,0,0,0,0,Senior,0,Low,0
133,0,0.0000000000,48,0,0.5174686880,4550,7,0,2,0,0,Middle,0,Medium,0.00021978
134,0,0.1630374890,81,0,0.0864825580,2751,7,0,0,0,1,Senior,0,Low,0
135,0,0.0473115820,51,0,0.1009203430,3150,5,0,0,0,0,Senior,0,Medium,0
136,0,0.0838800030,53,0,0.1996475330,7943,8,0,1,0,0,Senior,0,High,0
137,0,0.0894783480,56,0,1.0659015180,2700,11,0,1,0,2,Senior,1,Low,0.00037037
138,0,0.7735192230,63,0,1.1292270530,4139,12,0,1,0,1,Senior,1,Medium,0.000241604
139,0,0.0939622750,55,0,0.1120516350,9450,6,0,2,0,0,Senior,0,High,0
140,0,0.2195504200,54,0,0.3159837580,5417,20,0,2,0,1,Senior,0,Medium,0
141,0,0.1479962530,55,0,0.3230882350,6799,5,0,1,0,0,Senior,0,Medium,0
142,0,0.5765185590,72,0,100.0000000000,5400,11,0,1,0,0,Senior,2,Medium,0.0185185
143,0,0.2438720210,53,0,0.5340277780,8639,22,0,2,0,3,Senior,0,High,0.000115754
144,0,0.3624838180,27,0,100.0000000000,5400,4,0,0,0,0,Young,2,Medium,0.0185185
145,0,0.1166767910,31,0,0.3435937910,3800,7,0,1,0,0,Middle,0,Medium,0
146,0,0.9999999000,38,0,0.4336997600,5821,7,0,1,0,4,Middle,0,Medium,0
147,0,0.4969118250,40,0,0.4523638110,12500,11,0,2,0,2,Middle,0,High,0
148,0,0.1309021060,48,1,0.4278821740,3937,17,0,1,0,0,Middle,0,Medium,0
149,0,0.5469988100,50,0,0.7480719790,3500,9,0,2,0,3,Middle,0,Medium,0.000285714
150,0,0.0722771090,34,0,0.0259117080,2083,2,0,0,0,0,Middle,0,Low,0
151,0,0.0000000000,48,2,0.3708763750,3000,14,0,1,0,5,Middle,0,Medium,0
152,0,0.1759320190,57,1,0.6558126250,3500,9,0,1,0,1,Senior,0,Medium,0.000285714
153,0,0.0507898420,30,0,0.3151712070,4000,4,0,1,0,1,Middle,0,Medium,0
154,0,0.0000000000,28,0,0.1446163560,3166,7,0,0,0,0,Young,0,Medium,0
155,0,0.2128603100,36,0,0.5637520870,9583,10,0,2,0,1,Middle,0,High,0.000104351
156,0,0.0126823660,60,0,0.4129797830,6825,20,0,2,0,0,Senior,0,Medium,0
157,0,0.1215570620,58,0,0.3429714190,12000,23,0,2,0,4,Senior,0,High,0
158,0,0.0407953580,49,0,0.8019993550,3100,11,0,1,0,0,Middle,0,Medium,0.00032258
159,0,0.1477122230,40,0,0.0348478160,6800,6,0,0,0,3,Middle,0,Medium,0
160,0,0.0000000000,63,0,2.0000000000,5400,4,0,0,0,NULL,Senior,1,Medium,0.00037037
161,0,0.0000000000,50,1,0.7265669930,3477,5,0,1,0,1,Middle,0,Medium,0.000287604
162,0,0.0707719110,38,0,100.0000000000,5400,6,0,1,0,0,Middle,2,Medium,0.0185185
163,1,1.0462791030,47,1,1.1043012740,5416,6,0,2,0,1,Middle,1,Medium,0.000184638
164,0,0.3237198040,63,0,0.6108412670,5146,9,0,2,0,2,Senior,0,Medium,0.000194325
165,0,0.3645977700,42,0,0.5938990890,6916,7,0,3,0,0,Middle,0,Medium,0.000144592
166,0,0.6377364060,54,2,3.3821961620,1875,9,0,2,0,0,Senior,1,Low,0.0016
167,0,0.0813798270,63,0,100.0000000000,5400,8,0,1,0,0,Senior,2,Medium,0.0185185
168,0,0.0209663890,29,0,100.0000000000,1,3,0,1,0,2,Young,2,Low,100
169,0,0.1701030020,36,0,0.1384615380,7734,8,0,0,0,0,Middle,0,High,0
170,0,0.7718456310,33,0,0.8524295140,5000,7,0,3,0,0,Middle,0,Medium,0.0002
171,0,0.0553824100,72,0,0.0890913130,4500,4,0,0,0,0,Senior,0,Medium,0
172,0,0.9999999000,29,0,100.0000000000,5400,2,0,0,0,0,Young,2,Medium,0.0185185
173,0,0.1665327400,53,0,0.5436259490,7506,11,0,3,0,3,Senior,0,High,0.000133226
174,0,0.0086320350,79,0,0.3651511540,4200,9,0,1,0,0,Senior,0,Medium,0
175,0,0.1352795200,58,0,0.3420050760,9455,11,0,2,0,2,Senior,0,High,0
176,0,0.1675713890,69,0,0.3307338530,5000,10,0,1,0,1,Senior,0,Medium,0
177,0,0.9999999000,69,0,0.0053191490,2255,0,1,0,0,3,Senior,0,Low,0
178,0,0.0683351510,75,0,0.0109278760,10065,9,0,0,0,0,Senior,0,High,0
179,0,0.0000000000,41,0,0.9075385260,2400,6,0,1,0,0,Middle,0,Low,0.000416666
180,1,0.9469638740,35,0,100.0000000000,5400,6,0,1,0,1,Middle,2,Medium,0.0185185
181,0,0.4051839730,46,0,0.6678353460,7700,22,0,2,0,1,Middle,0,High,0.00012987
182,0,0.0555493130,65,0,100.0000000000,5400,6,0,1,0,1,Senior,2,Medium,0.0185185
183,0,0.6761954560,55,0,0.4366658270,3970,10,1,1,0,0,Senior,0,Medium,0
184,0,0.1849867870,55,4,100.0000000000,5400,11,0,1,0,0,Senior,2,Medium,0.0185185
185,1,0.0853382930,51,0,0.4775036280,6200,11,0,1,0,0,Senior,0,Medium,0
186,1,0.0000000000,25,0,0.1528968120,2916,3,0,0,1,0,Young,0,Low,0
187,1,0.7864854060,44,0,0.2917095780,3883,7,2,0,2,1,Middle,0,Medium,0
188,0,0.0112096000,86,0,13.0000000000,5400,3,0,0,0,0,Senior,2,Medium,0.00240741
189,0,0.0383345100,56,0,0.4389122180,5000,7,0,2,0,0,Senior,0,Medium,0
190,0,0.7149801390,55,0,0.4709019400,15000,12,0,2,0,3,Senior,0,High,0
191,0,0.0430320420,64,0,0.3320163890,6833,14,0,2,0,0,Senior,0,Medium,0
192,0,1.0950833570,53,5,0.5367037990,3500,7,1,1,2,0,Senior,0,Medium,0.000285714
193,0,0.0000000000,49,0,100.0000000000,5400,11,0,1,0,0,Middle,2,Medium,0.0185185
194,0,0.9999999000,55,0,0.1562596120,3250,5,0,0,0,4,Senior,0,Medium,0
195,0,0.1014301350,80,1,0.0161967610,5000,9,0,0,0,0,Senior,0,Medium,0
196,1,0.0258924690,38,0,74.5000000000,1,13,0,0,0,2,Middle,2,Low,75
197,0,0.7621585610,44,4,0.2244655020,21000,5,0,1,0,3,Middle,0,High,0
198,0,0.2316922680,40,0,0.1196607090,3300,7,0,0,0,0,Middle,0,Medium,0
199,0,0.1148694990,35,0,100.0000000000,5400,6,0,0,0,0,Middle,2,Medium,0.0185185
200,0,0.0354898480,69,0,0.3084386950,3400,9,0,1,0,0,Senior,0,Medium,0
201,0,0.0454238640,64,0,0.1813112860,5200,4,0,1,0,0,Senior,0,Medium,0
202,0,0.3119546680,61,0,0.2692814430,9866,12,0,2,0,2,Senior,0,High,0
203,0,0.0787389160,46,0,0.1662153720,4800,6,0,1,0,4,Middle,0,Medium,0
204,0,0.1376094620,49,0,0.4295338920,7272,11,0,2,0,0,Middle,0,High,0
205,0,0.0301730380,64,0,0.1738695700,9000,8,0,1,0,0,Senior,0,High,0
206,0,0.0219783750,40,0,0.4437556240,10000,12,0,5,0,2,Middle,0,High,0
207,0,0.4436968510,27,0,0.0243400750,5833,4,0,0,0,0,Young,0,Medium,0
208,0,0.0075067930,60,0,100.0000000000,5400,8,0,1,0,1,Senior,2,Medium,0.0185185
209,0,0.0466403280,92,1,0.0343266690,2650,13,0,0,0,0,Senior,0,Low,0
210,0,0.2923659490,50,0,0.4201805510,8750,8,0,2,0,0,Middle,0,High,0
211,0,0.2080827600,64,0,100.0000000000,5400,14,0,2,0,0,Senior,2,Medium,0.0185185
212,0,0.9999999000,66,1,0.3581011350,1937,4,1,0,0,0,Senior,0,Low,0
213,0,0.0135008240,53,0,0.1834640280,19000,8,0,1,0,2,Senior,0,High,0
214,0,0.9999999000,62,0,0.0496583900,6000,1,0,0,0,0,Senior,0,Medium,0
215,1,0.6553164730,63,0,100.0000000000,5400,19,0,2,0,0,Senior,2,Medium,0.0185185
216,0,0.9999999000,50,2,100.0000000000,5400,4,0,1,0,0,Middle,2,Medium,0.0185185
217,0,0.0281139570,61,0,0.0313493870,2200,12,0,0,0,0,Senior,0,Low,0
218,0,0.2226962070,42,0,100.0000000000,1,3,0,1,0,2,Middle,2,Low,100
219,0,0.5939852440,63,0,0.3326985340,5250,4,0,2,0,0,Senior,0,Medium,0
220,0,0.0175081780,73,1,0.1355891530,4166,12,0,1,0,0,Senior,0,Medium,0
221,0,0.6118656780,72,0,0.0457834500,7600,3,0,1,0,0,Senior,0,High,0
222,0,0.3330606310,52,3,0.7001533740,5215,15,0,2,1,0,Senior,0,Medium,0.000191754
223,0,0.0090251780,45,0,0.3768364350,8167,4,0,1,0,2,Middle,0,High,0
224,0,0.2602715230,44,0,0.2968548040,6962,11,0,1,0,0,Middle,0,Medium,0
225,0,0.4559507880,63,1,0.7017660780,6001,19,0,2,0,0,Senior,0,Medium,0.000166638
226,0,0.0802880980,37,0,0.3224462590,6000,7,0,1,0,0,Middle,0,Medium,0
227,1,1.9534883720,38,0,0.1535001410,3556,5,0,0,0,2,Middle,0,Medium,0
228,0,0.1815573240,36,0,0.5607196400,2000,7,0,1,0,1,Middle,0,Low,0.0005
229,0,0.1471235250,41,0,0.4360256210,6400,5,0,1,0,2,Middle,0,Medium,0
230,0,0.0256017720,63,1,0.2627737230,10000,8,0,1,0,0,Senior,0,High,0
231,0,0.0000000000,76,0,0.0024659310,7704,3,0,0,0,0,Senior,0,High,0
232,0,0.1963727990,43,0,0.5374855820,2600,10,0,1,0,0,Middle,0,Low,0.000384615
233,0,0.0839452420,64,0,0.5880730780,2900,6,0,1,0,0,Senior,0,Low,0.000344827
234,0,0.0348330910,67,0,0.4602461870,12916,9,0,2,0,0,Senior,0,High,0
235,0,0.7875221330,52,0,0.3538600860,4416,12,0,0,0,1,Senior,0,Medium,0
236,0,0.0000000000,66,0,100.0000000000,5400,8,0,1,0,0,Senior,2,Medium,0.0185185
237,0,0.1254291520,55,0,0.4767046590,5000,3,0,2,0,0,Senior,0,Medium,0
238,0,0.0603748700,42,0,0.5786767230,5833,17,0,2,0,2,Middle,0,Medium,0.000171438
239,0,0.9999999000,28,0,0.0000000000,5400,0,0,0,0,NULL,Young,0,Medium,0
240,0,0.2959282520,47,0,0.2837654450,14000,6,0,2,0,1,Middle,0,High,0
241,1,0.9733392580,61,1,0.2099618250,5500,11,0,0,1,1,Senior,0,Medium,0
242,0,0.0028567350,73,0,0.0002856870,10500,10,0,0,0,0,Senior,0,High,0
243,0,0.8775648970,58,0,100.0000000000,5400,10,0,2,0,0,Senior,2,Medium,0.0185185
244,0,0.9999999000,68,0,0.0404932510,6000,0,0,0,0,0,Senior,0,Medium,0
245,0,0.0534315520,41,0,0.2036440400,9000,3,0,1,0,0,Middle,0,High,0
246,0,0.7326606670,44,2,0.1404195200,9200,15,0,1,0,0,Middle,0,High,0
247,0,0.0842204580,42,0,0.4585511580,6694,26,0,2,0,4,Middle,0,Medium,0
248,0,0.1145617980,40,0,0.3599640040,10000,20,0,2,0,2,Middle,0,High,0
249,0,0.0121510030,78,0,0.0088869140,4500,12,0,0,0,0,Senior,0,Medium,0
250,0,0.0813107370,81,0,0.1655668870,3333,4,0,0,0,0,Senior,0,Medium,0
251,0,0.0981130500,49,0,0.2570178090,6625,9,0,2,0,0,Middle,0,Medium,0
252,1,1.0482108420,58,7,0.1519565840,3500,12,0,0,0,0,Senior,0,Medium,0
253,0,0.0118838860,54,0,0.0929135470,9750,8,0,1,0,2,Senior,0,High,0
254,0,0.7526494700,33,1,0.0583228690,7166,6,0,0,0,0,Middle,0,High,0
255,0,0.1123212890,53,0,0.2669097750,8500,9,0,1,0,5,Senior,0,High,0
256,0,0.0000000000,23,0,0.0000000000,1725,1,0,0,0,0,Young,0,Low,0
257,0,0.6343270560,49,1,0.1231251250,15000,7,0,0,0,1,Middle,0,High,0
258,0,0.1557632400,44,0,0.2780770820,4825,4,0,1,0,2,Middle,0,Medium,0
259,0,0.0000000000,63,0,0.0079889220,9387,9,0,0,0,0,Senior,0,High,0
260,0,0.0906148870,42,0,86.0000000000,5400,5,0,0,0,0,Middle,2,Medium,0.0159259
261,0,0.0346451120,65,0,0.1251899850,12500,4,0,1,0,1,Senior,0,High,0
262,0,0.0274463830,54,0,100.0000000000,5400,6,0,1,0,0,Senior,2,Medium,0.0185185
263,0,0.4123986220,28,0,0.0372596150,4991,5,0,0,0,0,Young,0,Medium,0
264,0,0.0246707820,78,0,100.0000000000,5400,6,0,1,0,NULL,Senior,2,Medium,0.0185185
265,0,0.0467109610,66,0,1.1179528190,2500,12,0,1,0,0,Senior,1,Low,0.0004
266,0,0.9765318240,32,0,0.2640788120,6800,6,0,0,0,2,Middle,0,Medium,0
267,0,0.0079826210,43,1,0.0096911690,208333,11,0,1,0,1,Middle,0,High,0
268,0,0.2675413360,59,0,0.6376074370,5700,13,0,2,0,1,Senior,0,Medium,0.000175438
269,0,0.0197793260,76,0,0.2671492590,2900,9,0,0,0,0,Senior,0,Low,0
270,0,0.0104022050,68,0,0.0941405170,3600,6,0,1,0,0,Senior,0,Medium,0
271,0,0.9999999000,61,0,0.5295489890,1285,3,0,1,0,0,Senior,0,Low,0.00077821
272,0,0.0298164670,68,0,0.1751399780,4464,12,0,1,0,1,Senior,0,Medium,0
273,0,0.1817137320,57,0,0.1304534160,11666,17,0,1,0,1,Senior,0,High,0
274,0,0.0513685570,68,0,0.4452773610,4668,10,0,1,0,2,Senior,0,Medium,0
275,0,0.2926453600,57,0,0.2059278840,26484,11,0,2,0,3,Senior,0,High,0
276,1,0.2208237190,46,1,0.6377491210,1705,5,0,0,0,0,Middle,0,Low,0.00058651
277,0,0.0080998380,69,0,0.3898955960,8332,3,0,1,0,0,Senior,0,High,0
278,0,0.0000000000,44,0,0.3263836810,6666,4,0,2,0,1,Middle,0,Medium,0
279,0,0.0060997970,28,0,0.1394294850,3750,8,0,0,0,0,Young,0,Medium,0
280,0,0.9095386980,53,1,0.5956539130,7500,16,0,1,0,1,Senior,0,High,0.000133333
281,0,0.9410725080,40,0,0.1781842820,8855,9,0,1,0,0,Middle,0,High,0
282,0,0.9916672220,36,1,0.5548780490,5411,10,0,2,0,1,Middle,0,Medium,0.000184808
283,0,0.6914884180,42,0,0.2727216790,16250,11,0,1,0,1,Middle,0,High,0
284,0,0.1128552580,64,0,0.3075763290,2652,6,0,1,0,0,Senior,0,Low,0
285,0,0.2609710340,57,0,100.0000000000,5400,16,0,3,0,NULL,Senior,2,Medium,0.0185185
286,0,0.0482444930,62,0,0.2628791530,16615,11,0,1,0,1,Senior,0,High,0
287,0,0.9999999000,47,0,0.0921634720,9493,2,2,0,1,0,Middle,0,High,0
288,0,0.9999999000,62,0,0.0000000000,5480,3,0,0,0,0,Senior,0,Medium,0
289,0,0.0742563750,49,0,0.3479304140,5000,11,0,2,0,3,Middle,0,Medium,0
290,0,0.1448784080,66,0,0.2844624200,8900,9,0,1,0,0,Senior,0,High,0
291,0,0.1910019320,54,0,0.7056277060,5081,10,0,2,0,2,Senior,0,Medium,0.000196811
292,0,0.2193828790,56,1,100.0000000000,5400,9,0,1,0,1,Senior,2,Medium,0.0185185
293,0,0.6798137770,83,0,0.6895897560,4216,6,0,2,0,0,Senior,0,Medium,0.000237191
294,0,2340.0000000000,45,0,0.3393328530,8333,7,0,2,0,2,Middle,0,High,0
295,0,0.3718754010,29,0,0.5362885700,2300,9,0,1,0,3,Young,0,Low,0.000434782
296,0,0.0258564080,67,0,0.0837993110,13054,13,0,1,0,0,Senior,0,High,0
297,0,0.5478877780,29,1,0.2465150400,2725,5,0,0,1,0,Young,0,Low,0
298,0,0.2716687780,46,1,0.2828302010,15800,14,0,2,0,4,Middle,0,High,0
299,0,0.0851524750,25,0,100.0000000000,0,5,0,0,0,0,Young,2,Low,9999
300,0,0.8972034270,68,0,0.7878030490,4000,8,0,2,0,0,Senior,0,Medium,0.00025
301,0,0.2588977500,33,0,0.5374413390,4900,3,0,1,0,1,Middle,0,Medium,0.000204081
302,0,0.0000000000,55,1,0.0398855300,5590,8,0,0,0,0,Senior,0,Medium,0
303,0,0.0359405060,46,0,0.2711864410,6666,10,0,1,0,3,Middle,0,Medium,0
304,0,0.9999999000,66,0,0.0466339110,11600,2,0,0,0,1,Senior,0,High,0
305,0,0.4652388350,66,0,0.3914276710,3172,8,1,1,0,0,Senior,0,Medium,0
306,0,0.8654230510,48,0,0.0758483030,500,1,0,0,0,0,Middle,0,Low,0
307,0,0.6964116710,52,0,0.4088719210,11000,11,0,1,0,4,Senior,0,High,0
308,0,0.5444976580,32,1,0.1667666470,6667,5,1,0,0,0,Middle,0,Medium,0
309,0,0.0812383830,51,0,0.0668300860,7750,14,0,0,0,2,Senior,0,High,0
310,0,0.9487628090,27,0,0.1449484040,4166,5,0,0,0,0,Young,0,Medium,0
311,0,0.0000000000,32,2,0.4636107760,7460,10,0,1,1,0,Middle,0,High,0
312,0,0.0165988930,30,0,0.1365756160,1500,5,0,0,0,0,Middle,0,Low,0
313,0,0.0633295640,37,0,0.3299352750,6179,6,0,1,0,3,Middle,0,Medium,0
314,0,0.0936384810,49,0,0.0428365730,8333,10,0,0,0,1,Middle,0,High,0
315,0,0.0000000000,37,0,0.1840273380,7900,5,0,1,0,5,Middle,0,High,0
316,0,0.7302719570,36,1,0.6327940370,5500,10,0,2,0,0,Middle,0,Medium,0.000181818
317,0,0.4263711420,62,1,0.4060539950,3666,15,0,1,0,0,Senior,0,Medium,0
318,0,0.9489784890,57,0,0.0437445320,8000,3,0,0,0,1,Senior,0,High,0
319,0,0.0000000000,59,0,0.0000000000,4200,7,0,0,0,1,Senior,0,Medium,0
320,0,1.0026466700,38,2,0.4725429460,3550,8,1,0,1,4,Middle,0,Medium,0
321,0,0.0164781000,92,0,10.0000000000,5400,3,0,0,0,0,Senior,2,Medium,0.00185185
322,0,0.0426068430,58,0,100.0000000000,5400,13,0,3,0,0,Senior,2,Medium,0.0185185
323,0,0.0228906040,37,0,0.2884772990,6100,16,0,1,0,0,Middle,0,Medium,0
324,0,0.2838219880,63,0,0.7502008030,1244,9,0,0,0,0,Senior,0,Low,0.000803858
325,0,0.3197794620,32,0,1.2473402130,12500,12,0,8,0,0,Middle,1,High,0.00008
326,0,0.1552405250,52,0,0.4835180650,6946,15,0,2,0,1,Senior,0,Medium,0
327,0,0.0131151830,43,0,100.0000000000,0,21,0,2,0,2,Middle,2,Low,9999
328,0,0.0672592090,29,1,0.1683405070,2090,3,0,0,0,0,Young,0,Low,0
329,0,0.2842361530,45,1,0.3188908150,7500,9,0,1,0,2,Middle,0,High,0
330,0,0.7275600210,38,0,0.7124587460,2423,6,0,1,0,1,Middle,0,Low,0.000412711
331,0,0.6877790970,62,0,0.2494711610,7090,15,0,0,0,0,Senior,0,High,0
332,0,0.9999999000,29,0,0.0000000000,5400,0,0,0,0,0,Young,0,Medium,0
333,0,0.0337088510,41,0,0.4087063530,6500,9,0,1,0,2,Middle,0,Medium,0
334,0,0.0000000000,29,0,0.1939353550,3000,7,0,0,0,0,Young,0,Medium,0
335,1,0.0371976900,47,0,0.0397584100,25000,11,0,1,0,3,Middle,0,High,0
336,0,0.0000000000,55,1,0.3883208360,4400,4,0,2,0,1,Senior,0,Medium,0
337,0,0.0535892820,87,0,0.0015343310,5213,4,0,0,0,0,Senior,0,Medium,0
338,0,0.1007731090,41,0,0.1997616730,9230,7,0,1,0,0,Middle,0,High,0
339,0,0.0000000000,61,0,1.3949671770,913,11,0,2,0,0,Senior,1,Low,0.00109529
340,0,0.3999466740,28,0,0.1897025740,4000,6,0,0,0,1,Young,0,Medium,0
341,0,0.0526531710,43,0,0.5722921910,1984,9,0,0,0,4,Middle,0,Low,0.000504032
342,0,0.0723186160,71,0,0.4264124620,4300,8,0,2,0,1,Senior,0,Medium,0
343,0,0.2039595970,46,0,0.0729147260,16100,6,0,1,0,2,Middle,0,High,0
344,0,0.9999999000,30,0,0.0903410110,5600,1,0,0,0,0,Middle,0,Medium,0
345,1,0.8803708870,43,0,0.4613237640,7523,6,0,1,0,1,Middle,0,High,0
346,0,0.4292462670,59,0,0.3812543160,15928,17,0,1,0,1,Senior,0,High,0
347,0,0.0000000000,47,0,100.0000000000,5400,2,0,1,0,1,Middle,2,Medium,0.0185185
348,0,0.0495292050,61,0,100.0000000000,5400,15,0,0,0,0,Senior,2,Medium,0.0185185
349,0,0.3609075710,72,0,0.3566792860,3697,6,0,1,0,0,Senior,0,Medium,0
350,0,0.3357374570,50,0,0.4572220300,5773,9,0,1,0,1,Middle,0,Medium,0
351,1,0.6357208590,68,1,0.2180712770,25000,27,0,3,0,0,Senior,0,High,0
352,0,0.0000000000,58,0,100.0000000000,5400,20,0,5,0,0,Senior,2,Medium,0.0185185
353,0,0.5079726650,69,2,0.1939353550,3000,10,2,0,2,0,Senior,0,Medium,0
354,0,0.2458416660,71,0,100.0000000000,5400,5,0,0,0,0,Senior,2,Medium,0.0185185
355,1,0.9533437010,48,2,100.0000000000,5400,5,1,2,2,0,Middle,2,Medium,0.0185185
356,0,0.9999999000,37,0,0.1846256390,4500,2,0,0,0,1,Middle,0,Medium,0
357,0,0.1188538370,50,0,100.0000000000,5400,7,0,1,0,2,Middle,2,Medium,0.0185185
358,0,0.6300739850,38,0,0.5633280340,1886,3,0,1,0,0,Middle,0,Low,0.000530222
359,0,0.9999999000,35,0,100.0000000000,5400,1,0,1,0,0,Middle,2,Medium,0.0185185
360,0,0.0284232470,59,0,0.0339822760,14330,12,0,1,0,0,Senior,0,High,0
361,0,0.1434278620,67,0,0.1194635610,5666,9,0,0,0,0,Senior,0,Medium,0
362,0,0.1866827820,30,0,0.6981207520,2500,7,0,2,0,2,Middle,0,Low,0.0004
363,0,0.4963885810,56,0,0.1701649560,19580,12,0,1,0,1,Senior,0,High,0
364,0,0.4575266390,51,0,0.3335833020,8000,16,0,2,0,2,Senior,0,High,0
365,0,0.7282181190,40,1,100.0000000000,5400,10,0,2,0,0,Middle,2,Medium,0.0185185
366,0,0.9472648560,28,0,0.4671717170,1187,4,0,0,0,0,Young,0,Low,0
367,0,0.0139169220,54,0,0.0176558180,4700,7,0,0,0,2,Senior,0,Medium,0
368,0,0.0663472970,46,1,100.0000000000,5400,6,0,2,0,0,Middle,2,Medium,0.0185185
369,0,0.5029580870,57,0,100.0000000000,5400,5,0,2,0,0,Senior,2,Medium,0.0185185
370,0,1.0474959060,35,2,0.3145661160,3871,8,0,2,1,3,Middle,0,Medium,0
371,0,0.0125863540,79,0,0.0095961620,2500,11,0,0,0,0,Senior,0,Low,0
372,0,0.5434456550,46,0,0.2671465710,5000,6,0,2,0,3,Middle,0,Medium,0
373,0,0.0265803020,79,0,100.0000000000,5400,7,0,1,0,0,Senior,2,Medium,0.0185185
374,0,0.0823173510,64,0,0.2144263050,8636,29,0,1,0,1,Senior,0,High,0
375,0,0.2925414920,74,0,0.1649175410,2000,3,0,0,0,0,Senior,0,Low,0
376,0,0.0242404720,64,0,0.1015141420,10500,20,0,1,0,0,Senior,0,High,0
377,0,0.0476501020,63,0,0.3879568940,9000,6,0,2,0,0,Senior,0,High,0
378,1,0.7391464880,63,1,0.2851568850,6150,12,0,0,0,1,Senior,0,Medium,0
379,0,0.1868906550,54,0,0.6555891240,3640,7,0,1,0,1,Senior,0,Medium,0.000274725
380,0,0.0075019370,63,0,0.2782263070,8050,13,0,2,0,3,Senior,0,High,0
381,0,0.5223146250,45,0,0.2902290920,14491,13,0,1,0,3,Middle,0,High,0
382,0,0.9999999000,22,0,100.0000000000,5400,0,0,0,0,NULL,Young,2,Medium,0.0185185
383,0,0.5716045870,66,0,100.0000000000,5400,12,0,0,0,NULL,Senior,2,Medium,0.0185185
384,0,0.9032315660,57,0,0.1308089500,5228,10,0,0,0,0,Senior,0,Medium,0
385,0,0.0170435180,43,0,0.1082138200,2300,6,0,0,0,1,Middle,0,Low,0
386,0,0.0607333960,61,0,0.0085495730,20000,8,0,0,0,0,Senior,0,High,0
387,0,0.0005826480,54,0,100.0000000000,5400,13,0,1,0,1,Senior,2,Medium,0.0185185
388,0,0.0038946860,90,0,100.0000000000,5400,11,0,1,0,0,Senior,2,Medium,0.0185185
389,0,0.2500083650,60,0,2.0864786120,7550,26,0,0,0,0,Senior,1,High,0.0002649
390,0,0.4663341650,34,2,0.0074953150,3201,3,0,0,0,0,Middle,0,Medium,0
391,0,0.1145885410,38,0,34.0000000000,5400,2,0,0,0,0,Middle,2,Medium,0.0062963
392,0,0.9999999000,60,0,0.0000000000,4200,0,0,0,0,0,Senior,0,Medium,0
393,0,0.2679056140,76,0,0.2854529940,8200,12,0,0,0,0,Senior,0,High,0
394,0,0.0296943610,76,0,0.0705134880,9600,7,0,0,0,2,Senior,0,High,0
395,0,0.3052463170,39,0,0.1882816350,10154,6,0,1,0,2,Middle,0,High,0
396,0,0.0006856750,83,0,0.0000000000,5400,4,0,0,0,0,Senior,0,Medium,0
397,0,0.7024938640,63,0,0.5821626220,4697,8,0,2,0,1,Senior,0,Medium,0.000212901
398,0,0.7424360410,52,0,0.4140810230,9700,10,0,2,0,0,Senior,0,High,0
399,1,0.8024171790,58,1,100.0000000000,5400,5,1,0,0,0,Senior,2,Medium,0.0185185
400,0,0.9999999000,42,1,0.1134218530,6250,3,3,0,1,2,Middle,0,Medium,0
401,0,0.1341915140,63,0,100.0000000000,1,9,0,1,0,0,Senior,2,Low,100
402,0,0.0025561990,58,0,0.1158261320,7752,17,0,0,0,2,Senior,0,High,0
403,0,0.0888455580,62,0,0.0737720110,5394,5,0,0,0,0,Senior,0,Medium,0
404,0,0.2039479610,46,1,1.2065161180,5800,12,1,4,0,2,Middle,1,Medium,0.000172413
405,0,0.0066660970,27,0,0.0002686370,7444,5,0,0,0,0,Young,0,High,0
406,0,0.0140496490,27,0,0.3522147650,3724,4,0,1,0,1,Young,0,Medium,0
407,0,0.9999999000,35,1,0.0929853180,3064,1,0,0,0,3,Middle,0,Medium,0
408,0,0.3688666240,55,0,0.4379960830,9700,18,0,2,0,0,Senior,0,High,0
409,0,0.0545533160,73,0,0.0432591350,16666,13,0,0,0,0,Senior,0,High,0
410,0,0.1794877660,51,0,0.4925299780,10173,19,0,4,0,0,Senior,0,High,0
411,0,0.0268859020,36,0,0.3448799210,11200,6,0,2,0,2,Middle,0,High,0
412,0,0.2657052070,56,0,0.2591025360,31666,8,0,3,0,1,Senior,0,High,0
413,0,0.0000000000,59,0,100.0000000000,5400,13,0,2,0,NULL,Senior,2,Medium,0.0185185
414,0,0.0118479890,49,0,100.0000000000,5400,12,0,1,0,0,Middle,2,Medium,0.0185185
415,0,0.0708375100,64,0,0.2552907850,6000,6,0,0,0,1,Senior,0,Medium,0
416,0,0.0309960740,56,0,0.1314309520,4800,11,0,1,0,0,Senior,0,Medium,0
417,0,0.1449140110,37,0,0.0453663630,6700,5,0,0,0,0,Middle,0,Medium,0
418,0,0.3530176590,48,0,1.2997360210,4166,17,0,1,0,1,Middle,1,Medium,0.000240038
419,0,0.0200746620,36,0,0.3342454220,4750,5,0,1,0,0,Middle,0,Medium,0
420,0,0.0327691990,70,0,100.0000000000,5400,11,0,1,0,0,Senior,2,Medium,0.0185185
421,1,0.7338854630,49,2,0.3692237650,8785,20,0,2,0,2,Middle,0,High,0
422,0,0.0635144220,57,0,100.0000000000,1,12,0,2,0,0,Senior,2,Low,100
423,0,0.0315721100,39,0,0.6447064860,3900,14,0,1,0,1,Middle,0,Medium,0.00025641
424,1,0.9915021240,61,10,1.2979007000,3000,11,2,3,5,1,Senior,1,Medium,0.000333333
425,0,0.3977029820,38,0,0.4162754300,5750,6,0,1,0,2,Middle,0,Medium,0
426,0,0.9713524320,24,0,0.0358034970,1200,3,0,0,0,0,Young,0,Low,0
427,0,0.9999999000,33,0,100.0000000000,5400,3,0,1,0,0,Middle,2,Medium,0.0185185
428,0,0.0000000000,73,0,0.3867281920,4550,18,0,0,0,0,Senior,0,Medium,0
429,0,0.9999999000,79,0,0.1301409540,5178,6,0,1,0,0,Senior,0,Medium,0
430,0,0.0038517090,81,0,0.0008221430,3648,1,0,0,0,1,Senior,0,Medium,0
431,0,0.0108879670,55,0,0.7251374310,2000,7,0,2,0,0,Senior,0,Low,0.0005
432,0,0.6860830140,57,0,0.1606959200,11667,6,1,1,0,2,Senior,0,High,0
433,0,0.2124644850,58,0,0.5189911880,3290,10,0,1,0,1,Senior,0,Medium,0.000303951
434,0,0.0069563580,52,0,0.0032786890,2439,4,0,0,0,0,Senior,0,Low,0
435,0,0.0732517540,51,0,0.4466881280,10250,9,0,1,0,2,Senior,0,High,0
436,0,0.4319040580,63,0,0.4190522600,8208,22,1,2,0,0,Senior,0,High,0
437,0,0.0069995630,97,0,3.0000000000,5400,2,0,0,0,NULL,Senior,1,Medium,0.000555555
438,0,0.0143104310,56,0,13.0000000000,5400,2,0,0,0,0,Senior,2,Medium,0.00240741
439,0,0.0269444850,41,0,0.6867364750,4583,8,0,3,0,0,Middle,0,Medium,0.000218197
440,0,0.2970946010,43,1,0.6037632940,3666,9,0,1,0,2,Middle,0,Medium,0.000272776
441,0,0.3160647670,56,0,100.0000000000,5400,3,0,1,0,0,Senior,2,Medium,0.0185185
442,0,0.0000000000,59,0,100.0000000000,5400,2,0,1,0,0,Senior,2,Medium,0.0185185
443,0,0.9226701040,40,0,0.2077894290,9345,7,0,0,0,0,Middle,0,High,0
444,0,0.0510779570,74,0,0.3064091310,3416,9,0,1,0,0,Senior,0,Medium,0
445,0,0.3191908160,49,0,0.3581533880,9400,18,0,2,0,0,Middle,0,High,0
446,0,0.0087373520,68,0,0.2099650060,6000,28,0,1,0,0,Senior,0,Medium,0
447,0,0.0000000000,57,0,0.7852299530,6783,8,0,3,0,0,Senior,0,Medium,0.000147427
448,0,0.2436742660,48,0,0.1799797780,8900,10,0,1,0,6,Middle,0,High,0
449,0,0.9999999000,40,1,0.1917057900,3833,3,2,0,0,2,Middle,0,Medium,0
450,0,0.0000000000,23,0,0.0000000000,3500,1,0,0,0,1,Young,0,Medium,0
451,0,0.0289107070,52,0,0.0135435990,5389,7,0,0,0,2,Senior,0,Medium,0
452,0,0.0342386300,48,0,100.0000000000,5400,3,0,1,0,0,Middle,2,Medium,0.0185185
453,0,0.5032993400,55,0,0.4540574680,3166,5,0,2,0,0,Senior,0,Medium,0
454,0,0.7999816730,61,3,0.6710760120,5064,19,0,3,1,0,Senior,0,Medium,0.000197472
455,0,0.0699879330,33,0,0.1140047830,3762,7,0,0,0,0,Middle,0,Medium,0
456,0,0.0679013350,69,0,0.0654934510,10000,5,0,1,0,0,Senior,0,High,0
457,0,0.7406351610,39,0,0.4320100590,5566,7,0,1,0,0,Middle,0,Medium,0
458,0,0.0233829440,84,0,0.0091284500,4600,6,0,0,0,0,Senior,0,Medium,0
459,0,0.9999999000,32,2,0.0955846680,2060,1,0,0,0,0,Middle,0,Low,0
460,0,0.0036251970,78,0,100.0000000000,5400,8,0,1,0,NULL,Senior,2,Medium,0.0185185
461,0,0.0922876170,61,0,0.2294360750,7500,23,0,2,0,2,Senior,0,High,0
462,0,0.0000000000,37,0,0.1770070470,7236,5,0,1,0,3,Middle,0,High,0
463,0,0.9999999000,33,1,0.2577072180,5416,2,2,1,0,1,Middle,0,Medium,0
464,0,0.0578676670,81,0,0.1456852790,3939,13,0,0,0,0,Senior,0,Medium,0
465,0,0.0780772700,60,0,0.5661051560,3917,14,0,1,0,2,Senior,0,Medium,0.000255297
466,0,0.2019436420,46,0,0.3944605540,10000,15,0,2,0,3,Middle,0,High,0
467,0,0.0779589150,57,0,0.0535302260,6500,19,0,0,0,0,Senior,0,Medium,0
468,0,0.2056764860,57,0,0.1303095750,8333,8,0,1,0,0,Senior,0,High,0
469,1,0.9999999000,32,0,0.0067310510,3416,1,0,0,0,3,Middle,0,Medium,0
470,1,0.5798508400,42,0,0.5942243610,2700,8,0,0,0,0,Middle,0,Low,0.00037037
471,0,0.0733934570,38,1,0.3847615240,10000,9,0,2,0,0,Middle,0,High,0
472,0,0.0791782190,82,0,0.1769646070,5000,3,0,1,0,0,Senior,0,Medium,0
473,0,0.0731231720,33,0,0.2164052160,5290,9,0,0,0,0,Middle,0,Medium,0
474,0,0.7451734480,68,0,0.1687677920,4917,4,0,1,0,0,Senior,0,Medium,0
475,0,0.1008833100,52,1,0.2804944560,5500,6,1,1,0,2,Senior,0,Medium,0
476,0,0.3476652330,46,0,0.0415833670,2500,1,0,0,0,1,Middle,0,Low,0
477,0,0.1020315080,66,0,90.0000000000,5400,4,0,0,0,0,Senior,2,Medium,0.0166667
478,0,0.3541259940,57,0,0.5587624110,4330,4,0,1,0,0,Senior,0,Medium,0.000230946
479,0,0.0296432940,50,0,0.3991064780,9400,15,3,4,0,0,Middle,0,High,0
480,0,0.5402043540,34,0,0.0343954140,7500,3,1,0,0,0,Middle,0,High,0
481,0,0.6409272710,53,4,0.5240969200,11266,17,0,2,0,3,Senior,0,High,0.000088762
482,0,0.0582714030,76,0,0.3743042670,4311,7,0,1,0,0,Senior,0,Medium,0
483,0,0.7193057640,64,0,0.1862257180,6228,5,0,1,0,0,Senior,0,Medium,0
484,0,0.0450173630,72,0,0.0207639070,3900,8,0,0,0,0,Senior,0,Medium,0
485,0,0.3559281900,48,0,0.4780907670,7667,17,0,2,0,0,Middle,0,High,0
486,0,0.5776218500,71,1,0.4925000000,6399,14,0,2,0,1,Senior,0,Medium,0
487,0,0.0150542910,59,0,100.0000000000,5400,11,0,1,0,2,Senior,2,Medium,0.0185185
488,0,0.3205938370,53,0,1.1146223890,5600,14,0,1,0,1,Senior,1,Medium,0.000178571
489,0,0.0475873030,34,0,100.0000000000,5400,4,0,0,0,NULL,Middle,2,Medium,0.0185185
490,0,0.1734284080,51,1,0.0862692820,5250,11,0,0,0,0,Senior,0,Medium,0
491,0,0.4017890550,55,0,0.4127793020,2550,11,0,0,0,0,Senior,0,Low,0
492,0,0.3011524420,46,0,0.2546616250,7668,10,0,1,0,3,Middle,0,High,0
493,0,0.0000000000,27,2,0.2291390730,2264,5,2,0,1,0,Young,0,Low,0
494,0,0.0675125850,43,0,0.4472356300,9115,4,0,2,0,0,Middle,0,High,0
495,0,0.0000000000,75,0,0.2059719680,1640,4,0,0,0,1,Senior,0,Low,0
496,0,0.9933355550,31,0,0.0682274250,4484,6,0,0,0,1,Middle,0,Medium,0
497,0,0.1387935840,43,0,0.3840747410,11666,9,0,5,0,0,Middle,0,High,0
498,0,0.1935848010,51,0,0.5327545380,3800,13,0,2,0,0,Senior,0,Medium,0.000263157
499,0,0.0011248590,28,1,0.0579903350,6000,8,1,0,0,0,Young,0,Medium,0
500,0,0.4855584480,51,0,0.0996354800,6583,5,0,0,0,0,Senior,0,Medium,0
501,0,0.9795215550,55,1,0.4678504170,7433,11,0,2,2,0,Senior,0,High,0
502,0,0.0906415060,69,0,0.0166832670,4015,2,0,0,0,0,Senior,0,Medium,0
503,0,0.3848076900,42,0,0.5330996360,7416,5,0,1,0,3,Middle,0,High,0.000134843
504,0,0.1836761550,33,0,0.6605284230,2497,9,0,1,0,0,Middle,0,Low,0.00040048
505,0,0.0181246670,60,0,0.0231814550,1250,4,0,0,0,1,Senior,0,Low,0
506,1,0.9999999000,54,0,0.2284028660,2372,2,0,0,1,0,Senior,0,Low,0
507,0,0.2903204720,48,0,0.2628485680,7996,7,0,1,0,3,Middle,0,High,0
508,0,0.0521612710,49,0,0.0676293970,6993,5,0,0,0,1,Middle,0,Medium,0
509,0,0.9999999000,73,0,100.0000000000,0,2,0,0,0,0,Senior,2,Low,9999
510,0,0.9999999000,91,0,0.0000000000,5400,3,0,0,0,NULL,Senior,0,Medium,0
511,0,0.4126577030,66,1,0.1950743720,4100,7,1,0,0,0,Senior,0,Medium,0
512,0,0.0912012930,49,1,0.5688862230,5000,15,0,2,0,0,Middle,0,Medium,0.0002
513,0,0.5002345320,46,0,0.2780259520,4700,10,0,1,0,1,Middle,0,Medium,0
514,1,0.9131404980,37,2,1.6203449140,4000,16,0,3,0,1,Middle,1,Medium,0.0005
515,0,0.0563900080,54,0,100.0000000000,5400,8,0,1,0,0,Senior,2,Medium,0.0185185
516,0,0.6113886110,22,0,0.3470661670,800,4,0,0,0,0,Young,0,Low,0
517,0,0.0656308920,31,0,0.1626356880,5250,10,0,0,0,0,Middle,0,Medium,0
518,0,0.4996668890,39,0,0.4501718210,3200,8,0,1,0,0,Middle,0,Medium,0
519,0,0.9999999000,56,0,7.0000000000,5400,1,0,0,0,0,Senior,2,Medium,0.0012963
520,0,0.2894705390,44,0,0.4825614000,8916,17,0,2,0,1,Middle,0,High,0
521,1,0.8141545110,50,1,0.2971396830,3600,8,0,1,1,1,Middle,0,Medium,0
522,0,0.0164069710,55,0,0.0017857140,5599,3,0,0,0,2,Senior,0,Medium,0
523,0,0.0784973830,52,0,0.2072740540,8220,5,0,1,0,3,Senior,0,High,0
524,0,0.0296924310,58,2,0.2871877520,6204,19,0,1,0,0,Senior,0,Medium,0
525,0,0.0125588700,62,0,0.0447620330,7416,5,0,0,0,0,Senior,0,High,0
526,0,0.0620932670,42,0,0.2302615790,8333,6,0,1,0,4,Middle,0,High,0
527,0,0.0742010530,47,0,100.0000000000,5400,4,0,1,0,NULL,Middle,2,Medium,0.0185185
528,0,0.5518898620,42,1,0.7906137180,3600,18,0,2,0,1,Middle,0,Medium,0.000277777
529,1,0.6400585270,39,0,0.0559845560,9841,9,0,0,0,2,Middle,0,High,0
530,0,0.5818157740,45,0,0.7247844020,8000,11,0,2,0,0,Middle,0,High,0.000125
531,0,0.0000000000,82,0,0.0000000000,5400,3,0,0,0,0,Senior,0,Medium,0
532,0,0.0000000000,64,0,100.0000000000,5400,3,0,2,0,NULL,Senior,2,Medium,0.0185185
533,0,0.3120687930,55,1,0.1270718230,1266,5,0,0,0,0,Senior,0,Low,0
534,0,0.2663711790,58,0,0.4984884890,12900,12,0,1,0,2,Senior,0,High,0
535,0,0.0401864580,35,0,0.3008391360,5600,8,0,2,0,1,Middle,0,Medium,0
536,0,0.7496022910,62,0,100.0000000000,5400,7,0,2,0,3,Senior,2,Medium,0.0185185
537,1,0.9555458940,52,1,0.5249499090,10480,11,0,3,0,1,Senior,0,High,0.000095419
538,0,0.0866354090,40,0,100.0000000000,0,8,0,1,0,1,Middle,2,Low,9999
539,0,0.2127684520,57,0,100.0000000000,5400,17,0,2,0,0,Senior,2,Medium,0.0185185
540,0,0.9543957000,45,2,0.4842141000,8836,10,0,1,0,1,Middle,0,High,0
541,0,0.1882561230,27,0,0.8818251730,3900,6,0,1,0,1,Young,0,Medium,0.00025641
542,0,1.2458471760,24,1,100.0000000000,5400,4,1,0,0,NULL,Young,2,Medium,0.0185185
543,0,0.0140498870,37,0,0.6743996080,6120,9,0,1,0,0,Middle,0,Medium,0.000163398
544,0,0.3296098370,36,0,0.4377431910,3597,16,0,2,0,2,Middle,0,Medium,0
545,0,0.4840999850,40,0,0.4232515050,10794,9,0,2,0,2,Middle,0,High,0
546,0,0.0000000000,86,0,2.0000000000,5400,9,0,0,0,0,Senior,1,Medium,0.00037037
547,0,0.0351137680,56,0,87.0000000000,5400,11,0,0,0,0,Senior,2,Medium,0.0161111
548,0,0.0848269880,59,0,0.5341821200,3612,9,0,2,0,0,Senior,0,Medium,0.000276854
549,0,0.9999999000,40,0,0.6061658100,7200,6,0,3,0,0,Middle,0,High,0.000138888
550,0,0.1522507850,49,0,0.0307743580,9000,3,0,0,0,0,Middle,0,High,0
551,0,0.2128856000,66,0,0.3518917860,5100,10,0,1,0,0,Senior,0,Medium,0
552,0,0.9999999000,63,3,0.2008432350,5217,5,0,1,1,4,Senior,0,Medium,0
553,0,0.9999999000,45,0,100.0000000000,5400,2,0,0,0,0,Middle,2,Medium,0.0185185
554,0,0.0000000000,30,0,0.0000000000,4700,1,0,0,0,1,Middle,0,Medium,0
555,0,0.5762847250,36,0,0.7854048650,3000,10,0,1,0,1,Middle,0,Medium,0.000333333
556,0,0.4082159820,39,0,100.0000000000,5400,4,0,0,0,2,Middle,2,Medium,0.0185185
557,0,0.0000000000,27,0,0.0000000000,4500,5,0,0,0,0,Young,0,Medium,0
558,0,0.1068001300,44,3,0.7473754370,6000,8,0,3,0,2,Middle,0,Medium,0.000166666
559,0,0.0045529980,34,0,3.0000000000,5400,2,0,0,0,0,Middle,1,Medium,0.000555555
560,0,0.2774361280,59,0,0.3885666940,3620,8,0,1,0,1,Senior,0,Medium,0
561,0,0.2853425340,38,0,0.0895109200,3250,4,0,0,0,3,Middle,0,Medium,0
562,0,0.1620771940,38,0,0.0248853590,70000,6,0,1,0,2,Middle,0,High,0
563,0,0.5707382100,39,0,100.0000000000,5400,5,2,2,0,0,Middle,2,Medium,0.0185185
564,0,0.6225247220,43,0,0.3538837320,10234,8,0,1,0,0,Middle,0,High,0
565,0,0.1131650620,57,0,100.0000000000,5400,16,0,1,0,3,Senior,2,Medium,0.0185185
566,0,0.0000000000,75,0,0.5274314210,801,4,0,1,0,0,Senior,0,Low,0.00124844
567,0,0.7327112150,29,0,0.3385311270,8400,10,0,1,0,0,Young,0,High,0
568,0,0.4866513350,55,0,0.3247416950,9000,10,0,2,0,0,Senior,0,High,0
569,0,0.5848446230,60,0,0.2936375750,6003,11,0,1,0,0,Senior,0,Medium,0
570,0,0.8754406580,37,0,0.4377174670,1436,5,0,0,0,1,Middle,0,Low,0
571,0,0.0438617670,69,0,0.0641192650,6908,7,0,1,0,0,Senior,0,Medium,0
572,0,0.0392960700,48,0,0.4803934780,7420,10,0,2,0,0,Middle,0,High,0
573,1,0.3395035670,89,1,0.5493802480,2500,9,3,0,1,0,Senior,0,Low,0.0004
574,0,0.0648351950,56,2,0.1976245870,8166,10,0,1,0,0,Senior,0,High,0
575,0,0.0086845790,75,0,0.0013269000,8289,5,0,0,0,0,Senior,0,High,0
576,0,0.9999999000,55,1,0.1387213510,4144,1,0,0,0,0,Senior,0,Medium,0
577,0,0.5035879870,63,0,1.3089227690,4000,16,0,1,0,0,Senior,1,Medium,0.00025
578,0,0.0003090460,49,0,100.0000000000,5400,10,0,1,0,NULL,Middle,2,Medium,0.0185185
579,0,0.6978126910,31,0,0.2369802520,12000,10,0,0,0,1,Middle,0,High,0
580,0,0.6504329930,61,0,0.3680631940,10000,10,0,1,0,1,Senior,0,High,0
581,0,0.3024820100,46,0,0.3480572080,7900,12,0,1,0,2,Middle,0,High,0
582,0,0.9999999000,40,0,0.1857559350,2400,1,2,0,0,0,Middle,0,Low,0
583,0,0.1591162460,91,0,0.1841234840,1813,6,0,0,0,0,Senior,0,Low,0
584,0,0.7685371910,46,0,100.0000000000,5400,5,0,0,0,0,Middle,2,Medium,0.0185185
585,0,0.1556444380,56,0,0.3368315840,2000,5,0,1,0,0,Senior,0,Low,0
586,0,0.8362940110,29,3,0.2601700760,4350,8,0,1,0,1,Young,0,Medium,0
587,0,0.2930418110,45,0,0.3739406780,3775,5,0,1,0,3,Middle,0,Medium,0
588,0,0.9999999000,49,1,0.0989377210,4800,1,0,0,0,4,Middle,0,Medium,0
589,0,0.2718982480,64,0,100.0000000000,5400,3,0,1,0,NULL,Senior,2,Medium,0.0185185
590,0,0.0000000000,51,0,0.2380761920,10000,6,0,1,0,0,Senior,0,High,0
591,0,0.2919562480,45,0,100.0000000000,5400,5,0,0,0,NULL,Middle,2,Medium,0.0185185
592,0,0.1065314630,78,0,0.0243030740,5595,9,0,0,0,0,Senior,0,Medium,0
593,0,0.2508183160,36,0,0.2401439840,5833,6,0,2,0,1,Middle,0,Medium,0
594,0,0.1815799460,54,0,0.3539428000,6048,9,0,1,0,1,Senior,0,Medium,0
595,0,0.0029645360,67,0,0.3490268440,16800,14,0,5,0,0,Senior,0,High,0
596,0,0.0489111210,63,0,0.1028007640,6283,4,0,0,0,1,Senior,0,Medium,0
597,1,0.5170453640,61,0,0.5725903210,7500,20,0,2,0,0,Senior,0,High,0.000133333
598,0,0.0241004470,86,0,0.0107913670,2223,6,0,0,0,0,Senior,0,Low,0
599,0,0.1229763190,50,0,0.4541033430,3289,6,0,1,0,1,Middle,0,Medium,0
600,1,0.3870659770,51,0,0.3508741860,5833,12,0,1,2,1,Senior,0,Medium,0
601,0,0.0217416790,70,0,0.1877624480,5000,11,0,1,0,0,Senior,0,Medium,0
602,0,0.2692574890,44,0,0.6075949370,1500,7,0,0,0,3,Middle,0,Low,0.000666666
603,0,0.9963016510,39,2,0.3061019120,10930,17,0,0,0,1,Middle,0,High,0
604,0,0.0191539610,49,0,0.2010259790,33333,6,0,3,0,4,Middle,0,High,0
605,0,0.0086655110,58,0,1.9086294420,6500,17,0,5,0,0,Senior,1,Medium,0.000307692
606,0,0.1557422130,39,0,100.0000000000,0,13,0,0,0,2,Middle,2,Low,9999
607,0,0.7339143810,33,0,0.1589755420,4333,7,1,0,0,1,Middle,0,Medium,0
608,0,0.2104425880,53,0,0.5136024950,5770,10,0,2,0,1,Senior,0,Medium,0.00017331
609,0,0.0956347880,36,0,0.1752669040,2247,4,0,0,0,1,Middle,0,Low,0
610,0,0.1248013760,62,0,0.5668944570,6584,15,0,2,0,0,Senior,0,Medium,0.000151883
611,0,0.0169951850,62,0,0.0023019370,5212,4,0,0,0,0,Senior,0,Medium,0
612,0,0.9640380580,29,1,0.2635165830,2200,6,0,0,0,0,Young,0,Low,0
613,0,0.2112064770,44,1,0.2138395000,2080,13,1,0,1,0,Middle,0,Low,0
614,0,0.1844765150,32,0,0.4449560490,7166,11,0,2,0,0,Middle,0,High,0
615,0,0.0000000000,52,0,0.4444444440,3500,5,0,2,0,1,Senior,0,Medium,0
616,0,0.0866053630,69,0,73.0000000000,5400,2,0,0,0,NULL,Senior,2,Medium,0.0135185
617,0,0.0690697840,71,0,100.0000000000,5400,3,0,1,0,NULL,Senior,2,Medium,0.0185185
618,0,0.1870905970,63,0,0.5068732820,4000,10,0,2,0,1,Senior,0,Medium,0.00025
619,0,0.7322021770,44,0,0.2585766280,12912,26,0,0,0,0,Middle,0,High,0
620,0,0.3921411120,54,0,1.3830173980,3850,18,0,2,0,2,Senior,1,Medium,0.00025974
621,0,0.0636887540,41,0,0.2668766880,6665,8,0,0,0,1,Middle,0,Medium,0
622,0,0.6169823720,32,1,0.1916493360,6250,10,0,0,0,2,Middle,0,Medium,0
623,0,0.2885413810,87,1,0.5714285710,1700,23,0,0,0,0,Senior,0,Low,0.000588235
624,0,0.2211068010,43,0,0.1572129810,7333,5,0,1,0,0,Middle,0,High,0
625,0,0.1936127740,47,0,0.0201468330,5856,1,0,0,0,3,Middle,0,Medium,0
626,0,0.0144411830,75,0,0.1457036110,16059,8,0,1,0,0,Senior,0,High,0
627,0,0.5319633310,64,2,0.4800821580,18500,19,0,3,0,1,Senior,0,High,0
628,0,0.3469603840,41,0,1.4326866550,1700,13,0,3,0,2,Middle,1,Low,0.000588235
629,0,0.0243058350,30,0,100.0000000000,5400,6,0,1,0,0,Middle,2,Medium,0.0185185
630,0,0.9999999000,40,0,100.0000000000,0,2,0,2,0,0,Middle,2,Low,9999
631,0,0.0000000000,56,0,0.0000000000,6200,2,0,0,0,0,Senior,0,Medium,0
632,0,0.6585400700,55,0,0.4897149040,5541,6,0,1,0,0,Senior,0,Medium,0
633,0,0.1046937630,36,0,0.2973727040,4300,8,0,1,0,1,Middle,0,Medium,0
634,0,0.0467400480,57,0,0.4047998660,11916,13,0,3,0,0,Senior,0,High,0
635,0,0.0578878510,56,0,0.2381276980,4400,13,0,1,0,1,Senior,0,Medium,0
636,0,0.8831824880,49,0,0.1837369470,4500,18,0,0,0,2,Middle,0,Medium,0
637,0,0.0053264550,53,0,79.0000000000,0,4,0,0,0,0,Senior,2,Low,9999
638,0,0.0888095840,51,0,0.2954800670,7123,12,0,1,0,0,Senior,0,High,0
639,0,0.0213197870,64,0,0.2449678800,2334,13,0,1,0,0,Senior,0,Low,0
640,0,0.2818803720,28,0,0.1799751760,2416,7,0,0,0,0,Young,0,Low,0
641,0,0.0630624630,54,0,100.0000000000,5400,5,0,2,0,0,Senior,2,Medium,0.0185185
642,0,0.0000000000,53,0,100.0000000000,5400,5,0,1,0,0,Senior,2,Medium,0.0185185
643,1,0.4023457420,37,0,0.3376223560,12667,16,0,2,0,3,Middle,0,High,0
644,0,0.1433168790,70,3,100.0000000000,5400,16,0,5,1,0,Senior,2,Medium,0.0185185
645,0,0.3342956450,48,0,100.0000000000,5400,13,0,2,0,0,Middle,2,Medium,0.0185185
646,0,0.0103501250,52,0,0.2585890380,3812,6,0,1,0,1,Senior,0,Medium,0
647,0,0.3365961480,36,0,0.0803722500,1181,2,0,0,0,0,Middle,0,Low,0
648,0,0.0448429220,51,0,0.2335895400,11318,5,0,1,0,2,Senior,0,High,0
649,0,0.0077123590,69,0,0.1566144620,3000,6,0,0,0,0,Senior,0,Medium,0
650,0,1.0113327940,52,0,10.8004987500,400,8,0,1,0,2,Senior,2,Low,0.0275
651,0,0.0667788590,67,0,84.0000000000,5400,7,0,0,0,NULL,Senior,2,Medium,0.0155556
652,0,0.0000000000,36,0,0.3704186770,7666,4,0,1,0,2,Middle,0,High,0
653,0,0.0000000000,49,0,0.6227357900,1600,10,0,1,0,1,Middle,0,Low,0.000625
654,1,0.3146857030,51,3,0.1603179280,16984,13,0,2,1,4,Senior,0,High,0
655,1,0.1493144110,36,0,0.5583203730,4500,9,0,3,0,0,Middle,0,Medium,0.000222222
656,0,0.0000000000,33,0,0.2382125260,2841,9,0,0,0,0,Middle,0,Low,0
657,0,0.0378497160,62,0,0.1628917870,8741,15,0,1,0,0,Senior,0,High,0
658,0,0.2811155580,69,0,0.1621861810,4500,10,0,0,0,1,Senior,0,Medium,0
659,0,0.0051961650,70,0,100.0000000000,5400,9,0,2,0,0,Senior,2,Medium,0.0185185
660,0,0.1336888670,49,0,0.0935221830,4800,7,0,0,0,2,Middle,0,Medium,0
661,0,0.3214578440,46,2,100.0000000000,5400,6,0,1,1,0,Middle,2,Medium,0.0185185
662,0,0.0000000000,65,0,0.4163791810,6666,10,0,1,0,0,Senior,0,Medium,0
663,0,0.8271510130,56,1,0.2199747160,8700,8,0,0,1,1,Senior,0,High,0
664,0,0.4427982780,51,0,100.0000000000,5400,11,0,0,0,2,Senior,2,Medium,0.0185185
665,0,0.0250821090,57,0,0.3608797070,3000,15,0,0,0,0,Senior,0,Medium,0
666,0,0.5788493630,48,0,0.3675536740,6613,10,0,1,0,1,Middle,0,Medium,0
667,0,0.0207035070,47,0,0.6451043810,3400,6,0,1,0,2,Middle,0,Medium,0.000294117
668,1,1.2487512490,33,0,0.1751203260,2700,3,2,0,0,0,Middle,0,Low,0
669,0,0.9999999000,75,0,8.0000000000,5400,2,0,0,0,0,Senior,2,Medium,0.00148148
670,0,0.5698242120,40,0,0.3614216890,11000,18,0,1,0,2,Middle,0,High,0
671,0,0.9148671260,40,0,0.5170373390,4900,7,0,1,0,1,Middle,0,Medium,0.000204081
672,0,0.0382584000,68,0,0.0098316950,6000,12,0,0,0,0,Senior,0,Medium,0
673,0,0.9645614730,35,4,0.3058395820,4400,10,3,0,2,2,Middle,0,Medium,0
674,0,0.0273128500,65,0,0.3253358930,2083,6,0,0,0,0,Senior,0,Low,0
675,0,0.0356055910,81,0,0.0172607350,7125,7,0,0,0,0,Senior,0,High,0
676,0,0.0045951290,52,0,0.3909585600,7166,7,0,1,0,0,Senior,0,High,0
677,0,0.0425340810,69,0,0.0096908170,6500,4,0,0,0,1,Senior,0,Medium,0
678,0,0.1213653600,34,0,100.0000000000,5400,5,0,2,0,0,Middle,2,Medium,0.0185185
679,0,0.1801621430,40,0,0.4483266680,9501,15,0,2,0,1,Middle,0,High,0
680,0,0.0549400990,35,0,0.6621528970,5833,10,0,2,0,2,Middle,0,Medium,0.000171438
681,0,0.0997242510,80,0,0.0089082810,11000,3,0,0,0,0,Senior,0,High,0
682,0,0.0305132020,68,0,48.0000000000,5400,6,0,0,0,0,Senior,2,Medium,0.00888889
683,0,0.1754343490,47,0,0.1490779830,4500,9,0,0,0,0,Middle,0,Medium,0
684,0,0.0198831050,64,0,0.0285996060,6083,16,0,0,0,0,Senior,0,Medium,0
685,1,0.9907644260,36,2,0.3613404570,4117,4,0,0,0,1,Middle,0,Medium,0
686,0,0.3860840120,49,0,0.1664523870,11666,17,0,0,0,3,Middle,0,High,0
687,0,0.0082874270,55,0,0.1151713350,7032,8,0,1,0,0,Senior,0,High,0
688,0,0.0586877930,35,0,0.3357331410,8333,6,0,2,0,2,Middle,0,High,0
689,0,0.0911067150,63,0,0.0354184520,3500,5,0,0,0,0,Senior,0,Medium,0
690,0,0.0231143330,64,0,0.5135402910,9083,16,0,3,0,0,Senior,0,High,0.000110095
691,0,0.0834266770,64,0,0.0378710340,2930,7,0,0,0,2,Senior,0,Low,0
692,0,0.5294117650,26,1,0.0170523750,820,1,0,0,0,0,Young,0,Low,0
693,0,0.1927222110,77,0,0.4579306420,7035,21,0,1,0,1,Senior,0,High,0
694,0,0.9999999000,32,0,0.1779555110,4000,1,2,0,0,0,Middle,0,Medium,0
695,0,0.3594120830,54,0,3.8744228990,1082,22,0,1,0,0,Senior,1,Low,0.00369686
696,0,0.1065172790,40,0,0.2631519150,8800,17,0,3,0,4,Middle,0,High,0
697,0,0.0795384200,53,0,100.0000000000,5400,9,0,1,0,2,Senior,2,Medium,0.0185185
698,1,2066.0000000000,58,0,0.2711214800,6000,8,1,1,0,1,Senior,0,Medium,0
699,0,0.0123987600,50,3,0.2075186710,11916,4,0,1,0,0,Middle,0,High,0
700,0,0.9999999000,56,0,0.0071194300,12500,2,0,0,0,2,Senior,0,High,0
701,0,0.0039386950,75,0,0.1999492190,7876,11,0,2,0,0,Senior,0,High,0
702,0,0.5204186520,36,1,0.2329180820,2648,5,0,0,0,3,Middle,0,Low,0
703,0,0.1608992310,33,0,0.1823635270,3333,13,0,0,0,0,Middle,0,Medium,0
704,0,0.2525053610,52,0,0.4425929010,6000,13,0,1,0,2,Senior,0,Medium,0
705,0,0.0356702560,62,0,0.4276749630,9401,9,0,4,0,0,Senior,0,High,0
706,0,0.0467475390,60,0,1.0123685840,3233,13,0,2,0,0,Senior,1,Medium,0.00030931
707,0,0.0096395940,52,0,0.2624403540,4400,5,0,0,0,0,Senior,0,Medium,0
708,0,0.9864003890,36,0,0.4418689210,11000,8,0,2,0,0,Middle,0,High,0
709,0,0.0923920560,71,2,0.1900623030,13000,7,0,1,0,0,Senior,0,High,0
710,0,0.0010195920,83,0,0.0001999600,5000,10,0,0,0,0,Senior,0,Medium,0
711,0,0.0000000000,76,0,100.0000000000,0,6,0,0,0,0,Senior,2,Low,9999
712,0,0.0455167210,40,0,0.0903554220,11000,12,0,0,0,3,Middle,0,High,0
713,0,0.2457446730,46,0,0.5851222420,6707,21,0,1,0,3,Middle,0,Medium,0.000149097
714,0,0.2921592850,78,0,100.0000000000,5400,5,0,0,0,0,Senior,2,Medium,0.0185185
715,0,0.9999999000,36,0,100.0000000000,5400,1,0,1,0,0,Middle,2,Medium,0.0185185
716,0,0.0161424730,76,0,0.6682663470,1666,11,0,1,0,0,Senior,0,Low,0.00060024
717,0,0.7592865810,41,1,0.4084755740,1698,4,0,0,0,1,Middle,0,Low,0
718,0,0.1897341890,60,0,0.0458715600,2833,2,0,0,0,0,Senior,0,Low,0
719,0,0.0490824840,63,2,0.3619389370,16441,12,0,1,0,1,Senior,0,High,0
720,0,1.1631841150,52,0,0.3191741810,4213,7,0,0,0,0,Senior,0,Medium,0
721,0,0.2380169330,58,0,0.6010173470,7666,5,0,3,0,0,Senior,0,High,0.000130446
722,0,0.4109464590,56,0,0.7121940560,4575,16,0,1,0,0,Senior,0,Medium,0.000218579
723,0,0.4765356330,33,0,0.3129374130,5000,4,0,1,0,0,Middle,0,Medium,0
724,0,0.3750499800,64,0,0.0111955220,2500,4,0,0,0,0,Senior,0,Low,0
725,0,0.1161881710,33,0,0.0437390650,4000,9,0,0,0,0,Middle,0,Medium,0
726,0,0.0184976950,40,0,64.0000000000,5400,13,0,0,0,0,Middle,2,Medium,0.0118519
727,0,0.2545488410,56,0,0.4613574870,8500,15,0,2,0,4,Senior,0,High,0
728,0,0.0135741120,60,0,0.7110758190,17000,11,0,3,0,0,Senior,0,High,0.000058823
729,0,0.9999999000,27,0,0.2607633590,3274,3,0,0,1,2,Young,0,Medium,0
730,0,0.0291854020,41,0,0.3362954730,3600,5,0,1,0,0,Middle,0,Medium,0
731,0,0.9850922640,48,0,0.3769056110,3082,4,0,1,0,0,Middle,0,Medium,0
732,0,0.0119046530,69,0,100.0000000000,5400,20,0,2,0,0,Senior,2,Medium,0.0185185
733,0,0.0000000000,39,0,0.7351319120,6708,13,0,2,0,2,Middle,0,Medium,0.000149075
734,0,0.3128777380,36,0,0.2307211600,8000,28,0,0,0,0,Middle,0,High,0
735,0,0.7148928190,34,1,0.8703549410,6000,8,0,1,0,0,Middle,0,Medium,0.000166666
736,0,0.0608678010,50,1,100.0000000000,5400,15,0,1,0,0,Middle,2,Medium,0.0185185
737,0,0.1418539910,79,0,0.8128709780,3200,8,0,2,0,0,Senior,0,Medium,0.0003125
738,0,0.0731917670,54,0,0.0207080830,4490,4,0,0,0,0,Senior,0,Medium,0
739,0,0.4736631580,36,1,0.6506746630,2000,8,0,0,0,0,Middle,0,Low,0.0005
740,1,0.9876687220,39,5,0.6912791860,5010,14,0,2,0,2,Middle,0,Medium,0.0001996
741,0,0.0612145620,35,0,0.4536926810,21000,7,0,2,0,0,Middle,0,High,0
742,0,0.4752524750,38,1,0.4286285490,2500,8,1,0,0,0,Middle,0,Low,0
743,0,0.2438429740,52,0,100.0000000000,5400,9,0,1,0,2,Senior,2,Medium,0.0185185
744,0,0.6214689270,24,0,0.0100791940,4166,3,0,0,0,0,Young,0,Medium,0
745,0,0.0845892540,76,0,0.0440931780,1201,8,0,0,0,0,Senior,0,Low,0
746,0,0.8802399820,41,0,100.0000000000,5400,6,0,0,0,2,Middle,2,Medium,0.0185185
747,0,0.0871825630,74,0,0.0804953560,1291,6,0,0,0,0,Senior,0,Low,0
748,0,0.1117151050,47,0,0.3151736970,16666,12,0,2,0,3,Middle,0,High,0
749,0,0.0000000000,57,0,0.3350664930,10000,11,0,2,0,3,Senior,0,High,0
750,0,0.0000000000,63,0,0.0526720490,2600,3,0,0,0,1,Senior,0,Low,0
751,0,0.0000000000,62,0,17.0000000000,5400,4,0,0,0,0,Senior,2,Medium,0.00314815
752,0,0.6591789310,39,0,0.2853246970,5866,6,0,1,0,1,Middle,0,Medium,0
753,0,0.1010125760,51,0,0.3403727700,12500,21,0,2,0,1,Senior,0,High,0
754,0,0.4718033230,60,0,0.3657878350,9633,12,0,1,0,1,Senior,0,High,0
755,0,0.2248224860,68,0,100.0000000000,5400,6,0,2,0,0,Senior,2,Medium,0.0185185
756,0,0.2499225210,63,2,0.2543132310,19416,18,0,2,0,1,Senior,0,High,0
757,0,0.0000000000,55,0,0.3691921310,7166,7,0,3,0,1,Senior,0,High,0
758,0,0.0662850850,58,0,0.2289993490,9213,7,0,1,0,0,Senior,0,High,0
759,0,0.0257115930,55,0,0.5407026560,3500,8,0,1,0,2,Senior,0,Medium,0.000285714
760,0,0.9015098490,33,1,0.1281329810,23100,8,1,1,0,0,Middle,0,High,0
761,1,0.0233126600,58,0,0.6323710830,4052,13,1,2,0,0,Senior,0,Medium,0.000246791
762,0,0.0485405430,55,1,0.2155762150,5700,9,0,1,0,0,Senior,0,Medium,0
763,0,0.0773584390,44,0,0.3242675730,10000,10,0,2,0,0,Middle,0,High,0
764,0,0.0824520740,57,0,0.8911739500,3500,12,0,1,0,1,Senior,0,Medium,0.000285714
765,0,0.9999999000,65,0,0.0000000000,615,3,0,0,0,0,Senior,0,Low,0
766,0,0.1406025100,56,0,0.0497004470,11850,11,0,0,0,2,Senior,0,High,0
767,0,0.3572854290,25,0,0.0017235440,2900,1,0,0,0,0,Young,0,Low,0
768,0,0.0021405170,89,1,5.0000000000,0,4,0,0,0,0,Senior,1,Low,9999
769,1,0.0000000000,32,0,0.4418737500,3500,5,0,1,0,2,Middle,0,Medium,0
770,0,0.0723777440,48,0,0.3990500790,12000,9,0,2,0,0,Middle,0,High,0
771,0,0.2285912290,38,1,0.1812330620,2951,4,0,0,0,0,Middle,0,Low,0
772,0,0.0000000000,58,0,100.0000000000,5400,5,0,1,0,1,Senior,2,Medium,0.0185185
773,0,0.0000000000,59,1,0.5314640950,7881,8,2,1,0,0,Senior,0,High,0.000126887
774,0,0.9999999000,32,0,0.1327168210,4000,1,0,0,0,1,Middle,0,Medium,0
775,0,0.0152935060,50,0,0.3725135620,1105,13,0,0,0,0,Middle,0,Low,0
776,0,0.0591838010,26,0,0.0670611440,1520,7,0,0,0,0,Young,0,Low,0
777,0,0.2118596050,55,0,0.1287160030,6323,8,0,0,0,1,Senior,0,Medium,0
778,0,0.0146880430,82,0,13.0000000000,5400,4,0,0,0,0,Senior,2,Medium,0.00240741
779,0,0.0194157510,62,0,100.0000000000,5400,9,0,1,0,0,Senior,2,Medium,0.0185185
780,0,0.0122368730,46,0,100.0000000000,5400,6,0,1,0,0,Middle,2,Medium,0.0185185
781,0,0.9174283260,66,1,100.0000000000,5400,7,1,2,0,0,Senior,2,Medium,0.0185185
782,0,0.7162837160,46,0,0.2677523200,5280,10,0,2,0,2,Middle,0,Medium,0
783,0,0.0005494300,59,0,0.0000000000,2236,4,0,0,0,0,Senior,0,Low,0
784,0,0.0046806520,29,0,0.0573885220,5000,4,0,0,0,0,Young,0,Medium,0
785,0,0.4275909000,39,0,0.3423547820,10862,14,1,2,0,0,Middle,0,High,0
786,0,0.9824778590,36,0,0.5081639450,3000,3,0,1,0,0,Middle,0,Medium,0.000333333
787,0,0.0834860860,71,0,0.1707056310,5611,4,0,1,0,0,Senior,0,Medium,0
788,0,0.0108746600,82,0,0.0012870010,7769,6,0,0,0,0,Senior,0,High,0
789,0,0.0146465230,26,0,0.1215686270,1274,7,0,0,0,0,Young,0,Low,0
790,1,1.0085065310,58,3,100.0000000000,5400,20,0,0,1,0,Senior,2,Medium,0.0185185
791,0,0.5375969730,68,0,100.0000000000,5400,8,0,1,0,NULL,Senior,2,Medium,0.0185185
792,0,0.9944287540,42,0,100.0000000000,0,11,0,2,0,3,Middle,2,Low,9999
793,0,0.5561429720,58,0,0.1772742420,3000,2,0,0,0,0,Senior,0,Medium,0
794,1,1.2574850300,26,0,0.1298050140,1794,1,2,0,1,0,Young,0,Low,0
795,0,0.0315936810,33,0,100.0000000000,5400,3,0,0,0,0,Middle,2,Medium,0.0185185
796,0,0.3540713100,51,0,0.0535215410,6800,5,0,0,0,0,Senior,0,Medium,0
797,0,0.0756273070,60,0,0.1937864540,8400,9,0,1,0,0,Senior,0,High,0
798,0,0.0029656140,29,0,0.5159393380,3230,8,0,1,0,0,Young,0,Medium,0.000309597
799,0,0.0203905580,79,0,0.2258613360,2350,5,0,0,0,0,Senior,0,Low,0
800,0,0.0456489400,27,0,0.2749520150,4167,21,0,1,0,0,Young,0,Medium,0
801,1,0.9629469470,50,0,0.6812758700,4106,8,0,1,1,0,Middle,0,Medium,0.000243546
802,0,0.1602267870,31,0,0.3560187150,2350,5,0,0,0,0,Middle,0,Low,0
803,0,0.0000000000,45,0,0.7358164540,10416,11,0,4,0,1,Middle,0,High,0.000096006
804,0,0.0674007490,26,0,0.1665178570,4479,10,0,0,0,0,Young,0,Medium,0
805,0,0.1343745850,63,0,100.0000000000,5400,2,0,0,0,0,Senior,2,Medium,0.0185185
806,0,0.9999999000,40,0,11.0000000000,5400,0,0,0,0,0,Middle,2,Medium,0.00203704
807,0,0.0132186610,57,0,0.0853219570,7500,10,0,1,0,0,Senior,0,High,0
808,0,0.0003588430,54,0,0.7200699830,4000,11,0,0,0,0,Senior,0,Medium,0.00025
809,0,0.9751464080,33,0,0.3322809790,3800,4,0,0,0,2,Middle,0,Medium,0
810,0,0.2556104170,54,0,0.5285505120,3414,9,0,1,0,1,Senior,0,Medium,0.000292911
811,0,0.9999999000,24,0,0.0000000000,3833,1,0,0,0,0,Young,0,Medium,0
812,0,0.6827089720,41,4,0.3870871100,13350,8,0,4,0,1,Middle,0,High,0
813,0,0.1015514060,47,0,100.0000000000,5400,6,0,0,0,0,Middle,2,Medium,0.0185185
814,0,0.0131058620,76,0,100.0000000000,5400,15,0,1,0,0,Senior,2,Medium,0.0185185
815,0,0.0000000000,87,0,2.0000000000,5400,2,0,0,0,NULL,Senior,1,Medium,0.00037037
816,0,0.0405369020,34,0,0.6440910340,3646,11,0,1,0,0,Middle,0,Medium,0.000274273
817,0,0.0000000000,46,0,0.1078781220,3642,11,0,0,0,4,Middle,0,Medium,0
818,0,0.0133756680,82,0,0.0026061060,8057,7,0,0,0,0,Senior,0,High,0
819,0,0.9999999000,48,0,0.1652133290,6421,0,1,0,0,2,Middle,0,Medium,0
820,0,0.1987759400,83,0,0.2170653340,2800,9,0,0,0,0,Senior,0,Low,0
821,0,0.0535962150,86,0,68.0000000000,5400,6,0,0,0,1,Senior,2,Medium,0.0125926
822,0,0.1789641540,56,0,0.5529307540,6772,6,0,1,0,1,Senior,0,Medium,0.000147666
823,0,0.0000000000,90,0,0.0000000000,5400,3,0,0,0,NULL,Senior,0,Medium,0
824,0,0.0035506390,73,0,100.0000000000,5400,11,0,0,0,0,Senior,2,Medium,0.0185185
825,0,0.7157204390,33,0,1.0024991070,2800,8,0,2,0,0,Middle,1,Low,0.000357142
826,0,0.0113433760,85,0,13.0000000000,5400,5,0,0,0,NULL,Senior,2,Medium,0.00240741
827,0,0.1581002660,45,2,0.4753227030,3950,19,0,1,0,1,Middle,0,Medium,0
828,0,0.6262661540,56,0,0.1423853210,5449,5,0,0,0,0,Senior,0,Medium,0
829,0,0.0000000000,31,0,0.4327836080,2000,9,0,1,0,0,Middle,0,Low,0
830,0,0.4826878600,30,0,0.2648418950,8000,9,0,2,1,1,Middle,0,High,0
831,0,0.5249158360,32,0,100.0000000000,5400,6,0,0,0,0,Middle,2,Medium,0.0185185
832,0,0.3354457120,40,0,0.3446798380,4200,6,0,2,1,0,Middle,0,Medium,0
833,0,0.0018765940,79,0,0.0133277800,2400,10,0,0,0,0,Senior,0,Low,0
834,0,0.2352251570,37,0,0.3350366590,4500,5,0,1,0,1,Middle,0,Medium,0
835,0,0.0000000000,63,0,100.0000000000,5400,6,0,1,0,0,Senior,2,Medium,0.0185185
836,0,0.0000000000,28,0,100.0000000000,5400,3,0,0,0,NULL,Young,2,Medium,0.0185185
837,0,0.0019012750,69,0,0.0000000000,5455,6,0,0,0,0,Senior,0,Medium,0
838,0,0.1077204230,47,0,0.2162808390,9200,12,0,3,0,2,Middle,0,High,0
839,0,0.0133993300,71,0,0.0128369700,2336,3,0,0,0,1,Senior,0,Low,0
840,0,0.0640978610,56,0,100.0000000000,5400,11,0,1,0,0,Senior,2,Medium,0.0185185
841,0,0.5471241460,40,0,0.1213190690,9066,6,0,0,0,4,Middle,0,High,0
842,0,0.2925678330,64,0,100.0000000000,0,5,0,1,0,0,Senior,2,Low,9999
843,0,0.1571371450,59,0,0.2649116960,3000,8,0,0,0,1,Senior,0,Medium,0
844,0,0.0422029640,28,0,0.2861586310,4500,6,0,1,0,0,Young,0,Medium,0
845,0,0.7342843810,45,0,100.0000000000,0,6,0,2,1,0,Middle,2,Low,9999
846,0,0.8353115080,31,1,0.3325270530,7854,9,0,1,0,0,Middle,0,High,0
847,0,0.5112397000,58,0,0.9630844090,9453,13,0,3,0,1,Senior,0,High,0.000105786
848,1,0.0000000000,44,0,100.0000000000,5400,9,0,3,0,0,Middle,2,Medium,0.0185185
849,0,0.0374772480,37,0,0.0791936650,8333,9,0,0,0,0,Middle,0,High,0
850,0,0.0000000000,68,0,0.0903863850,4347,5,0,0,0,0,Senior,0,Medium,0
851,1,0.7197600800,47,0,64.0000000000,5400,2,2,0,0,0,Middle,2,Medium,0.0118519
852,0,0.0472943570,57,0,0.4471425960,5476,14,0,1,0,0,Senior,0,Medium,0
853,0,0.3286845080,51,0,100.0000000000,5400,6,0,1,0,0,Senior,2,Medium,0.0185185
854,0,0.0280839120,50,0,0.3809767320,3910,20,0,0,0,3,Middle,0,Medium,0
855,0,0.0038884570,74,0,4.0000000000,5400,3,0,0,0,0,Senior,1,Medium,0.00074074
856,0,0.0096545370,73,0,0.1228306560,18553,6,0,1,0,1,Senior,0,High,0
857,1,0.7787194980,81,0,0.5380130600,4287,11,0,2,0,0,Senior,0,Medium,0.000233263
858,0,0.0000000000,58,0,0.4110841310,7000,10,0,2,0,1,Senior,0,Medium,0
859,0,0.0544492060,87,0,19.0000000000,5400,1,0,0,0,0,Senior,2,Medium,0.00351852
860,0,0.1737840930,55,0,0.1961424890,15916,14,0,3,0,0,Senior,0,High,0
861,0,0.4571545790,50,0,0.1034251180,13400,7,0,0,0,2,Middle,0,High,0
862,0,0.1194606470,34,0,0.3222495300,6916,5,0,1,0,0,Middle,0,Medium,0
863,0,0.7178534710,67,0,100.0000000000,5400,15,0,3,0,0,Senior,2,Medium,0.0185185
864,0,0.6072056220,63,0,100.0000000000,5400,15,0,1,0,0,Senior,2,Medium,0.0185185
865,0,0.2765930850,62,0,0.1218356930,19000,8,0,1,0,0,Senior,0,High,0
866,0,0.1284196620,59,0,0.2264339610,11000,10,0,1,0,0,Senior,0,High,0
867,0,0.0593566820,32,0,100.0000000000,5400,10,0,1,0,0,Middle,2,Medium,0.0185185
868,0,0.0002372840,64,0,0.4277876630,6743,10,0,1,0,0,Senior,0,Medium,0
869,0,0.7384209260,72,0,100.0000000000,5400,11,0,1,0,0,Senior,2,Medium,0.0185185
870,0,0.0864924760,64,0,0.0747343160,5833,8,0,1,0,1,Senior,0,Medium,0
871,0,0.2224721910,30,0,0.5898156830,3200,4,0,1,0,0,Middle,0,Medium,0.0003125
872,0,0.0357547610,79,0,0.0082936300,5666,5,0,0,0,1,Senior,0,Medium,0
873,0,0.0039860490,81,0,0.2071646760,3600,10,0,1,0,0,Senior,0,Medium,0
874,0,0.0937417620,41,2,0.7181719260,3675,10,0,3,0,2,Middle,0,Medium,0.000272108
875,0,0.2319794940,58,0,0.3738010160,10633,28,0,4,0,0,Senior,0,High,0
876,0,0.1059696990,55,0,100.0000000000,5400,8,0,1,0,0,Senior,2,Medium,0.0185185
877,0,0.0414114710,45,0,0.0084561760,8750,3,0,0,0,3,Middle,0,High,0
878,0,0.2230559660,44,0,0.4302974750,12000,13,0,2,0,3,Middle,0,High,0
879,0,0.4528642850,49,0,0.3309472280,6006,10,0,1,0,1,Middle,0,Medium,0
880,0,0.0160317410,74,0,100.0000000000,5400,4,0,1,0,NULL,Senior,2,Medium,0.0185185
881,0,0.9999999000,26,0,0.1378205130,1871,1,0,0,0,0,Young,0,Low,0
882,0,0.1518917100,59,0,0.3010745560,15075,13,0,2,0,0,Senior,0,High,0
883,0,0.6060254180,39,3,0.3756473410,7916,10,0,2,0,2,Middle,0,High,0
884,0,0.0751684620,48,0,100.0000000000,5400,3,0,1,0,0,Middle,2,Medium,0.0185185
885,0,0.0618335220,49,0,100.0000000000,5400,6,0,2,0,0,Middle,2,Medium,0.0185185
886,0,0.0101862430,47,0,0.0225041410,24750,7,0,0,0,2,Middle,0,High,0
887,0,0.5159756880,28,0,0.6798537950,4650,14,0,1,0,0,Young,0,Medium,0.000215053
888,0,0.3479210780,42,0,0.3737404820,13000,11,0,2,0,2,Middle,0,High,0
889,0,0.1089831590,53,0,0.3103520100,4800,10,0,1,0,0,Senior,0,Medium,0
890,0,0.1657207830,68,0,0.3119169780,8575,10,0,1,0,0,Senior,0,High,0
891,0,0.1946257480,31,1,0.2835717580,4333,20,0,0,0,0,Middle,0,Medium,0
892,0,0.4898752300,34,0,0.3191717240,2800,3,0,0,0,1,Middle,0,Low,0
893,0,0.9588208740,56,0,0.2365735490,9700,12,0,1,0,1,Senior,0,High,0
894,0,0.7990182710,30,0,1.2981614710,1250,4,0,1,0,0,Middle,1,Low,0.0008
895,0,0.0115054370,52,0,0.2742532710,4050,9,0,1,0,0,Senior,0,Medium,0
896,0,0.8191157840,54,0,0.5283812190,2853,7,0,1,0,0,Senior,0,Low,0.000350508
897,0,0.0000000000,39,0,0.5517792880,2500,7,0,2,0,0,Middle,0,Low,0.0004
898,0,0.1225443240,57,0,0.4289340100,4333,9,0,1,0,1,Senior,0,Medium,0
899,0,0.6678330420,60,0,81.0000000000,5400,2,0,0,0,0,Senior,2,Medium,0.015
900,0,0.3882572000,45,0,1.1129421220,4975,13,0,4,0,1,Middle,1,Medium,0.000201005
901,0,2.2589641430,33,2,0.0324837580,2000,1,1,0,0,2,Middle,0,Low,0
902,0,0.0137671180,64,0,100.0000000000,5400,10,0,2,0,0,Senior,2,Medium,0.0185185
903,0,0.1877978080,85,0,100.0000000000,5400,6,0,0,0,0,Senior,2,Medium,0.0185185
904,0,0.9999999000,34,1,0.0000000000,5400,0,1,0,0,0,Middle,0,Medium,0
905,0,0.0373795590,37,0,0.3338517940,9000,11,0,2,0,0,Middle,0,High,0
906,0,0.0033998300,63,0,0.2626949220,2500,5,0,0,0,0,Senior,0,Low,0
907,0,0.0204804940,35,0,100.0000000000,5400,10,0,1,0,1,Middle,2,Medium,0.0185185
908,0,0.1064757410,32,0,0.8023082650,2685,5,0,1,0,1,Middle,0,Low,0.000372439
909,0,0.5181864050,73,0,0.5048870910,8900,17,0,1,0,1,Senior,0,High,0.000112359
910,0,0.0037357880,39,0,0.4591664660,4150,10,0,2,0,0,Middle,0,Medium,0
911,0,0.9999999000,38,0,100.0000000000,5400,6,0,1,0,0,Middle,2,Medium,0.0185185
912,0,0.1969606080,40,0,0.0069594430,4166,1,0,0,0,0,Middle,0,Medium,0
913,0,0.8029936170,42,1,0.5244580020,9178,9,0,1,0,3,Middle,0,High,0.000108956
914,0,0.9999999000,36,0,0.1949637540,2620,3,0,0,0,0,Middle,0,Low,0
915,0,0.7071457750,64,0,100.0000000000,5400,13,0,2,0,0,Senior,2,Medium,0.0185185
916,0,0.2885927850,51,0,0.2262139760,10131,4,0,2,0,3,Senior,0,High,0
917,0,0.3972441610,25,0,0.2948525740,2000,5,0,0,0,0,Young,0,Low,0
918,0,0.1974408950,36,0,100.0000000000,5400,3,0,1,0,NULL,Middle,2,Medium,0.0185185
919,0,0.0048848360,34,0,0.4749049430,5259,11,0,2,0,2,Middle,0,Medium,0
920,1,1.3621417460,73,1,100.0000000000,5400,2,3,0,1,NULL,Senior,2,Medium,0.0185185
921,0,0.1754521300,55,2,0.2701801900,9600,11,0,2,0,0,Senior,0,High,0
922,1,0.5143530490,39,0,0.9844088350,2308,15,0,1,0,1,Middle,0,Low,0.000433275
923,0,0.0006999300,83,0,0.0000000000,10500,4,0,0,0,0,Senior,0,High,0
924,0,0.8224002310,63,0,0.5157936830,2500,12,0,0,0,0,Senior,0,Low,0.0004
925,0,0.0427599000,52,0,100.0000000000,5400,21,0,2,0,2,Senior,2,Medium,0.0185185
926,0,0.2225061670,59,0,0.2714674150,11400,9,0,2,0,0,Senior,0,High,0
927,0,0.3910456020,24,0,0.0690409250,3200,11,0,0,0,0,Young,0,Medium,0
928,0,0.0287756250,44,0,0.1372242830,5122,4,0,0,0,0,Middle,0,Medium,0
929,0,0.4773677510,36,0,0.3398741210,2700,6,0,0,0,0,Middle,0,Low,0
930,0,0.0185381760,74,0,100.0000000000,5400,8,0,1,0,0,Senior,2,Medium,0.0185185
931,0,0.0413667850,45,0,0.2245775420,10000,8,0,0,0,2,Middle,0,High,0
932,0,0.9942695510,41,0,100.0000000000,5400,5,0,2,0,0,Middle,2,Medium,0.0185185
933,0,0.1271596030,63,0,0.4540983610,5489,20,0,4,0,0,Senior,0,Medium,0
934,0,0.6104087030,41,1,0.0644171780,2933,7,0,0,0,2,Middle,0,Low,0
935,0,0.1566457810,45,1,0.5602148930,6700,8,0,2,0,2,Middle,0,Medium,0.000149253
936,0,0.5262016620,54,4,0.3435462580,25000,9,0,3,0,1,Senior,0,High,0
937,0,0.0373786800,76,1,0.3727872270,2880,8,0,1,0,0,Senior,0,Low,0
938,0,0.1637506450,65,0,0.2668733130,10000,13,0,1,0,0,Senior,0,High,0
939,0,0.0863827230,38,0,100.0000000000,5400,6,0,1,0,NULL,Middle,2,Medium,0.0185185
940,0,0.9999999000,47,0,0.3706919230,3800,6,0,0,0,1,Middle,0,Medium,0
941,0,0.0291325760,68,0,0.0082220930,10337,10,0,1,0,1,Senior,0,High,0
942,0,0.1536466770,34,0,1.2200663770,3916,7,0,2,0,0,Middle,1,Medium,0.000255362
943,0,0.0837816170,46,0,0.4212019150,5640,16,0,1,0,2,Middle,0,Medium,0
944,1,0.9137736150,55,2,0.8816554290,4300,17,0,2,0,1,Senior,0,Medium,0.000232558
945,0,0.2512841060,34,0,0.7514581600,8400,18,0,4,0,0,Middle,0,High,0.000119047
946,0,0.0725871250,29,0,0.0466627780,12000,15,0,0,0,0,Young,0,High,0
947,0,0.0000000000,35,0,0.0000000000,1500,3,0,0,0,0,Middle,0,Low,0
948,0,0.1336137170,43,1,0.4210482460,12000,14,0,3,1,2,Middle,0,High,0
949,0,0.0019054820,37,0,2.6946107780,500,11,0,2,0,2,Middle,1,Low,0.006
950,0,0.0405479510,74,0,0.0207369010,5400,5,0,0,0,0,Senior,0,Medium,0
951,0,0.0345287300,55,0,0.5141621320,7166,7,0,2,0,1,Senior,0,High,0.000139547
952,0,0.0104412710,72,0,100.0000000000,5400,7,0,0,0,0,Senior,2,Medium,0.0185185
953,0,0.0000000000,80,1,100.0000000000,5400,8,0,1,0,0,Senior,2,Medium,0.0185185
954,0,0.0018822420,50,0,1.3174730110,2500,9,0,2,0,1,Middle,1,Low,0.0004
955,0,0.0156445670,77,0,24.0000000000,5400,5,0,0,0,NULL,Senior,2,Medium,0.00444444
956,0,0.6309016610,73,0,0.0474006120,4577,3,0,0,0,0,Senior,0,Medium,0
957,0,0.0000000000,52,0,0.2577573650,8926,11,0,1,0,2,Senior,0,High,0
958,0,0.0552282980,48,0,0.1462765960,12407,5,0,1,0,0,Middle,0,High,0
959,0,0.9465089150,44,0,0.1481620410,2665,5,0,0,0,1,Middle,0,Low,0
960,0,0.0000000000,50,0,0.0000000000,6400,2,0,0,0,0,Middle,0,Medium,0
961,0,0.8335941580,44,0,100.0000000000,5400,9,0,0,0,0,Middle,2,Medium,0.0185185
962,0,0.0303278110,70,0,100.0000000000,5400,11,0,2,0,0,Senior,2,Medium,0.0185185
963,0,0.1942734250,53,0,100.0000000000,5400,13,0,0,0,3,Senior,2,Medium,0.0185185
964,0,0.0000000000,70,0,0.0000000000,3500,6,0,0,0,0,Senior,0,Medium,0
965,0,0.2056557190,36,0,100.0000000000,5400,13,0,2,0,0,Middle,2,Medium,0.0185185
966,0,0.2357528490,63,0,100.0000000000,5400,3,0,0,0,0,Senior,2,Medium,0.0185185
967,0,0.0298787940,50,0,0.3187340630,13333,11,0,3,0,1,Middle,0,High,0
968,1,1.0044216660,48,3,0.6050987250,4000,10,0,2,0,1,Middle,0,Medium,0.00025
969,0,0.1549555790,62,1,100.0000000000,5400,4,1,1,0,0,Senior,2,Medium,0.0185185
970,0,0.0166584320,53,0,0.3151872010,9000,6,0,1,0,0,Senior,0,High,0
971,0,0.4758413860,43,0,0.1988114530,1850,2,0,0,0,3,Middle,0,Low,0
972,0,0.0614392810,58,0,0.4986925090,6500,19,0,4,0,1,Senior,0,Medium,0
973,0,0.5279040170,67,0,100.0000000000,5400,4,0,1,0,0,Senior,2,Medium,0.0185185
974,0,0.3193785270,59,0,0.1569592130,6300,22,0,0,0,0,Senior,0,Medium,0
975,0,0.9999999000,55,0,0.1675432010,5323,1,1,0,1,2,Senior,0,Medium,0
976,0,0.0779101740,82,0,100.0000000000,5400,2,0,0,0,0,Senior,2,Medium,0.0185185
977,0,0.2786363150,47,0,0.5873616770,6867,22,0,1,0,4,Middle,0,Medium,0.000145623
978,0,0.3523199910,43,0,0.2467848450,8630,8,0,0,0,1,Middle,0,High,0
979,0,0.2563146050,58,3,1.5111629460,3000,24,0,2,0,0,Senior,1,Medium,0.000666666
980,0,0.0000000000,41,0,0.3469023390,5600,4,0,1,0,0,Middle,0,Medium,0
981,0,0.0661137970,63,0,0.6216798280,9750,24,0,2,0,2,Senior,0,High,0.000102564
982,0,0.7491335640,50,2,0.4321195540,4750,17,0,1,0,0,Middle,0,Medium,0
983,0,0.0419922190,32,0,85.0000000000,5400,7,0,0,0,0,Middle,2,Medium,0.0157407
984,0,0.2127851990,37,1,100.0000000000,21,6,0,2,0,4,Middle,2,Low,4.7619
985,0,0.9512097580,36,0,0.0614452620,2310,2,0,0,0,2,Middle,0,Low,0
986,0,0.7003310510,45,1,0.5464480870,8966,11,0,2,0,1,Middle,0,High,0.000111532
987,0,0.0000000000,26,0,100.0000000000,5400,8,0,0,0,0,Young,2,Medium,0.0185185
988,0,0.0193275520,80,0,0.1807638470,5000,11,0,0,0,0,Senior,0,Medium,0
989,1,0.8782454980,40,0,0.1814172300,3400,5,0,0,0,1,Middle,0,Medium,0
990,0,0.0669288710,35,0,0.6110500270,3637,5,0,1,0,2,Middle,0,Medium,0.000274951
991,0,0.1103273210,52,0,0.3134399240,6316,16,0,2,0,1,Senior,0,Medium,0
992,1,0.2287429110,38,2,100.0000000000,5400,19,0,3,0,2,Middle,2,Medium,0.0185185
993,0,0.6917222930,78,0,0.6911833310,6430,6,0,2,0,0,Senior,0,Medium,0.00015552
994,0,0.2759463590,57,1,0.2834116860,13400,10,0,1,0,0,Senior,0,High,0
995,0,0.0374544210,57,0,0.3550439260,3300,17,0,1,0,0,Senior,0,Medium,0
996,0,0.3576842440,32,1,100.0000000000,5400,6,0,0,0,0,Middle,2,Medium,0.0185185
997,0,0.1029505760,43,1,0.2522747730,10000,18,0,3,0,3,Middle,0,High,0
998,0,0.9999999000,60,1,10.1712762400,3000,4,0,1,1,0,Senior,2,Medium,0.00333333
999,0,0.0402832390,54,0,0.1355535840,12400,11,0,1,0,0,Senior,0,High,0
1000,0,0.3529893850,59,1,0.4395563500,13433,18,0,2,0,2,Senior,0,High,0
